TYPE;START;END;GUID1;GUID2;PROFILE1;PROFILE2
Horizontal;{79064.15296, 83059.684934, 49889.995737};{87033.389564, 82484.353454, 49889.995737};77bd0880-666d-405b-8195-d742971960f1;8537d53c-cc23-44d8-817d-60ec728495f9;2270*400;2210*400
Horizontal;{79064.15296, 83059.684934, 47599.995737};{87033.389564, 82484.353454, 47599.995737};77bd0880-666d-405b-8195-d742971960f1;9ea44ebc-d1f4-491a-84aa-39bb61879631;2270*400;2270*400
Corner;{80510.182724, 78860.355446, 33690.045337};{80510.182724, 78860.355446, 38869.994246};a352e00b-96de-4094-b8fe-dbc9879cc989;ba67bf28-2d85-440f-8f38-1bd8a2c0a71e;5179.95*300;5179.95*300
Corner;{83103.459493, 78673.139415, 33690.045337};{83103.459493, 78673.139415, 38869.995654};a868e5bf-7bc7-4231-907d-64fb39f2789d;ba67bf28-2d85-440f-8f38-1bd8a2c0a71e;5179.96*300;5179.95*300
Horizontal;{79064.15296, 83059.684934, 45309.995737};{87033.389564, 82484.353454, 45309.995737};9ea44ebc-d1f4-491a-84aa-39bb61879631;fb640205-432a-492c-b75b-18b0878db28f;2270*400;2120*400
Horizontal;{79064.15296, 83059.684934, 43169.995737};{87033.389564, 82484.353454, 43169.995737};cfa13026-2302-4001-893a-c1aa7ce87b02;fb640205-432a-492c-b75b-18b0878db28f;2125*400;2120*400
Horizontal;{79064.152952, 83059.684878, 41024.995737};{87033.389591, 82484.353508, 41024.995737};0d48bd85-7e6e-4226-bdea-4482bebe4a13;cfa13026-2302-4001-893a-c1aa7ce87b02;2125*400;2125*400
Side;{86940.664137, 81005.583715, 38667.49};{78941.837566, 81583.046892, 38667.49};924baae4-e262-4855-a9b7-cb1e42ff8e4b;f30f5d75-d1e6-4b86-b721-41335e14abde;UPB265(265X1200);UPB265(265X1200)
Beam at side of HCS 2;{78981.685769, 81580.163387, 38667.49};{79043.704476, 82440.563724, 38667.49};924baae4-e262-4855-a9b7-cb1e42ff8e4b;b132265b-04ed-42df-8b87-d4758be6aeef;UPB265(265X1200);480*740
Beam at side of HCS 2;{86900.769147, 81008.463711, 38667.49};{86962.875344, 81868.770317, 38667.49};924baae4-e262-4855-a9b7-cb1e42ff8e4b;c141a303-ade0-4156-a63a-a632bb09cc26;UPB265(265X1200);480*740
Side;{86866.329223, 79975.883369, 38667.49};{78867.499922, 80553.346743, 38667.49};09ce00ed-4d50-4b14-abee-97f497c83bb4;f30f5d75-d1e6-4b86-b721-41335e14abde;UPB265(265X1200);UPB265(265X1200)
Full width support 1;{78819.711557, 79333.310826, 38667.49};{78906.11886, 80530.195858, 38667.49};09ce00ed-4d50-4b14-abee-97f497c83bb4;b132265b-04ed-42df-8b87-d4758be6aeef;UPB265(265X1200);480*740
Side;{86778.462801, 78758.740537, 38667.49};{83328.14139, 79007.831849, 38667.49};074ea181-0622-400d-834e-fcef992f879a;09ce00ed-4d50-4b14-abee-97f497c83bb4;UPB265(265X1200);UPB265(265X1200)
Full width support 1;{86738.565007, 78761.621188, 38667.49};{86824.97231, 79958.506219, 38667.49};09ce00ed-4d50-4b14-abee-97f497c83bb4;c141a303-ade0-4156-a63a-a632bb09cc26;UPB265(265X1200);480*740
Full width support 1;{78908.871407, 80570.101228, 38667.49};{78981.791251, 81580.162496, 38667.49};f30f5d75-d1e6-4b86-b721-41335e14abde;b132265b-04ed-42df-8b87-d4758be6aeef;UPB265(265X1200);480*740
Full width support 1;{86827.849463, 79998.402594, 38667.49};{86900.769308, 81008.463862, 38667.49};f30f5d75-d1e6-4b86-b721-41335e14abde;c141a303-ade0-4156-a63a-a632bb09cc26;UPB265(265X1200);480*740
Corner;{80191.222092, 74441.860828, 33690.045337};{80191.222092, 74441.860828, 38869.994246};4042ecc6-b140-456b-8d67-107943dbf117;a352e00b-96de-4094-b8fe-dbc9879cc989;5179.95*300;5179.95*300
Corner;{82784.463392, 74254.636866, 33690.045337};{82784.463392, 74254.636866, 38869.995654};4042ecc6-b140-456b-8d67-107943dbf117;a868e5bf-7bc7-4231-907d-64fb39f2789d;5179.95*300;5179.96*300
Normal;{80020.11013, 74293.796284, 35070};{80020.11013, 74293.796284, 38869.995654};4042ecc6-b140-456b-8d67-107943dbf117;885f252f-44f7-4095-800e-65560a3cd5f7;5179.95*300;3800*300
Side;{82875.227293, 70081.255683, 38667.49};{82697.9193, 67625.698946, 38667.49};cf483559-8a1a-4ae8-9bfc-a30d4d28cca4;db495a27-7ee2-4393-bc78-000c73358495;UPB265(265X1200);UPB265(265X1200)
HCS - Wall;{82801.398348, 67608.064722, 38667.49};{81943.185018, 67068.602996, 38667.49};db495a27-7ee2-4393-bc78-000c73358495;30411544-1eed-45f4-be15-9ed9a28fc736;UPB265(265X1200);3729.99*300
HCS - Wall;{81926.252405, 67057.959377, 38534.99};{81468.109012, 66769.976405, 38534.99};db495a27-7ee2-4393-bc78-000c73358495;1d241c44-eec2-4ca5-87fe-d63a1ca2c465;UPB265(265X1200);3729.99*300
Full width support 1;{82872.344741, 70041.359611, 38667.49};{81675.46075, 70127.781326, 38667.49};db495a27-7ee2-4393-bc78-000c73358495;1ff49bea-19a8-466d-bebe-6b040b387767;UPB265(265X1200);480*720
Side;{81678.341235, 70167.677962, 38667.49};{81437.587577, 66833.475793, 38667.49};1db648d4-8f64-4062-b450-7c250f3a659b;db495a27-7ee2-4393-bc78-000c73358495;UPB265(265X1200);UPB265(265X1200)
HCS - Wall;{84042.930371, 68388.475587, 38667.49};{82728.433607, 67562.200036, 38667.49};cf483559-8a1a-4ae8-9bfc-a30d4d28cca4;30411544-1eed-45f4-be15-9ed9a28fc736;UPB265(265X1200);3729.99*300
Normal;{84051.396677, 68393.797396, 35070};{84051.396677, 68393.797396, 38799.99};2388c4f3-5ff5-40b9-96ed-fac95a9f7d7d;30411544-1eed-45f4-be15-9ed9a28fc736;3729.99*300;3729.99*300
Normal;{81934.718712, 67063.281187, 35070};{81934.718712, 67063.281187, 38534.99};1d241c44-eec2-4ca5-87fe-d63a1ca2c465;30411544-1eed-45f4-be15-9ed9a28fc736;3729.99*300;3729.99*300
Concrete beam 2;{77614.985124, 71102.744468, 38667.49};{77563.131524, 70384.614115, 38667.49};6caaf22a-0ef3-4575-9dd8-f4ba1a0da9fc;1ff49bea-19a8-466d-bebe-6b040b387767;UPB265(265X1200);480*720
Unclassified;{78045.507842, 70399.938121, 38609.990001};{77526.853518, 70437.323835, 38609.990001};1ff49bea-19a8-466d-bebe-6b040b387767;ce97060e-8da0-4f17-b985-cf457a1ed38e;480*720;480*520
Unclassified;{85878.894666, 70145.100147, 38359.99};{86763.614112, 70081.21775, 38359.99};1ff49bea-19a8-466d-bebe-6b040b387767;bb6120f4-1c00-4019-b000-85e5c63b4d12;480*720;BL800*800
Full width support 1;{84069.229128, 69954.936168, 38667.49};{82872.345245, 70041.359371, 38667.49};cf483559-8a1a-4ae8-9bfc-a30d4d28cca4;1ff49bea-19a8-466d-bebe-6b040b387767;UPB265(265X1200);480*720
Unclassified;{86055.518852, 69819.48911, 38369.99};{86055.518852, 69819.48911, 38799.99};1ff49bea-19a8-466d-bebe-6b040b387767;2388c4f3-5ff5-40b9-96ed-fac95a9f7d7d;480*720;3729.99*300
Unclassified;{78214.081989, 71069.592054, 38609.990001};{77575.738231, 71115.605599, 38609.990001};1ff49bea-19a8-466d-bebe-6b040b387767;54b45889-0328-4ca9-9072-1dd0feeb97f9;480*720;480*640
Full width support 1;{81675.460164, 70127.781314, 38667.49};{80478.576319, 70214.205037, 38667.49};1db648d4-8f64-4062-b450-7c250f3a659b;1ff49bea-19a8-466d-bebe-6b040b387767;UPB265(265X1200);480*720
Full width support 1;{80478.575815, 70214.205091, 38667.49};{79281.691814, 70300.626664, 38667.49};709ec1a7-5558-4795-8480-c2a3adf15a50;1ff49bea-19a8-466d-bebe-6b040b387767;UPB265(265X1200);480*720
Full width support 1;{79281.691268, 70300.627134, 38667.49};{78084.807364, 70387.050049, 38667.49};c5e06388-1e3a-45b6-9b1b-cdc64ae525d3;1ff49bea-19a8-466d-bebe-6b040b387767;UPB265(265X1200);480*720
Unclassified;{86022.251169, 70505.708127, 38609.99};{86790.252517, 70450.2651, 38609.99};1ff49bea-19a8-466d-bebe-6b040b387767;fe7c4b52-af7a-4032-ab17-0e13b49e68c3;480*720;480*770
Unclassified;{86711.830209, 69839.978029, 38369.99};{86711.830209, 69839.978029, 38799.99};1ff49bea-19a8-466d-bebe-6b040b387767;3d840f84-cd4d-4294-ad98-8534521631f3;480*720;3729.99*300
Unclassified;{106287.433742, 60049.549617, 51644.985998};{106727.702945, 60326.249869, 51644.985998};bae8d1f6-6f35-41bd-81b9-75ea4a8fb099;e0ca4d5e-eeb9-4c31-8650-70cc0509a180;650*400;600*520
Unclassified;{109129.590573, 60609.767482, 51129.989891};{109129.590573, 60609.767482, 51780.01989};a36ce7ea-8219-48cd-addb-f4a5ef23dbe1;bae8d1f6-6f35-41bd-81b9-75ea4a8fb099;BL700*700;650*400
Unclassified;{92719.830366, 59550.241317, 51409.951568};{92719.830378, 59550.241324, 52109.950002};59c5f5f8-b127-4a47-8423-7641a061abb4;cb5bd477-484d-4d1e-9880-28eb45c354c3;700*640;700*520
Unclassified;{98282.925752, 63046.521424, 51409.95143};{98282.925752, 63046.521424, 52109.94};5a1fe0f9-502c-4197-a1ff-d6a772222691;cb5bd477-484d-4d1e-9880-28eb45c354c3;5219*500;700*520
Side;{102906.461559, 62045.612479, 46067.5};{103353.723573, 59845.012588, 46067.5};622d2216-6d4e-4260-a8aa-ccf5f71cef14;efe041a6-0733-4419-96ed-b32606aded08;UPB265(265X1200);UPB265(265X1200)
HCS - Wall;{102862.712353, 62041.730694, 45934.995};{103986.489023, 62748.280177, 45934.995};622d2216-6d4e-4260-a8aa-ccf5f71cef14;477beb17-aa3f-49dd-a095-28bb2a5fa504;UPB265(265X1200);3605*200
Side;{103980.845766, 62666.604574, 46067.5};{103556.011758, 62580.258975, 46067.5};622d2216-6d4e-4260-a8aa-ccf5f71cef14;c0f7fe65-28fc-44c2-b126-3108cfdb49d1;UPB265(265X1200);UPB265(265X1200)
Ideal full overlap;{103641.463094, 62443.22269, 46067.5};{102858.012428, 62283.989871, 46067.5};343338d8-5ab3-4548-a0fc-925094791ae2;622d2216-6d4e-4260-a8aa-ccf5f71cef14;UPB265(265X1200);UPB265(265X1200)
Side;{103992.247656, 62728.276238, 46067.5};{104529.719501, 60083.829707, 46067.5};256cb5b9-837a-4868-9d6e-d6956fa49bbd;622d2216-6d4e-4260-a8aa-ccf5f71cef14;UPB265(265X1200);UPB265(265X1200)
HCS - Wall;{101776.926255, 61359.066934, 45934.995};{102900.702926, 62065.616418, 45934.995};efe041a6-0733-4419-96ed-b32606aded08;477beb17-aa3f-49dd-a095-28bb2a5fa504;UPB265(265X1200);3605*200
Side;{101820.675461, 61362.94872, 46067.5};{102177.727646, 59606.195469, 46067.5};1fe87f37-9a93-42c1-9ce9-94fab01d7041;efe041a6-0733-4419-96ed-b32606aded08;UPB265(265X1200);UPB265(265X1200)
Not ideal overlap;{102845.954591, 62111.416502, 46067.5};{102574.624956, 61940.884208, 46067.5};343338d8-5ab3-4548-a0fc-925094791ae2;efe041a6-0733-4419-96ed-b32606aded08;UPB265(265X1200);UPB265(265X1200)
Ideal full overlap;{102631.373795, 61775.951118, 46067.5};{101772.224934, 61601.332982, 46067.5};a4bb4a1e-6414-4580-bc90-e302d17e9af6;efe041a6-0733-4419-96ed-b32606aded08;UPB265(265X1200);UPB265(265X1200)
Normal;{105852.948745, 60311.711683, 38819.99};{105852.948745, 60311.711683, 43050.0};34a1cf49-9bd3-4f64-ba9a-2e22ddf0cc2b;96a483fa-10af-456a-bc20-ce5633857f67;7380*200;4230.01*200
Unclassified;{105836.406618, 60267.55377, 38809.99};{105963.772389, 59640.355269, 38809.99};3dd7092e-c949-4291-abde-8c47eb6b7aac;96a483fa-10af-456a-bc20-ce5633857f67;600*640;4230.01*200
Normal;{106350.726951, 57861.768087, 38819.99};{106350.726951, 57861.768087, 43050.0};96a483fa-10af-456a-bc20-ce5633857f67;e5ebbdcb-5a3a-40f9-b1a3-7d23ccf95ec1;4230.01*200;4230.01*200
Horizontal;{105857.419631, 60289.709763, 38809.99};{106347.231795, 57878.967977, 38809.99};38a220dc-9d2c-4512-a218-512813428f1b;96a483fa-10af-456a-bc20-ce5633857f67;3729.99*200;4230.01*200
Unclassified;{105852.959052, 60311.660072, 43100.23};{105852.959052, 60311.660072, 44300.230015};34a1cf49-9bd3-4f64-ba9a-2e22ddf0cc2b;6d0cb8a5-b098-4678-abe9-04e77191cde3;7380*200;BL1200*820
HCS - Wall;{100691.140158, 60676.403175, 45934.995};{101814.916828, 61382.952659, 45934.995};1fe87f37-9a93-42c1-9ce9-94fab01d7041;477beb17-aa3f-49dd-a095-28bb2a5fa504;UPB265(265X1200);3605*200
Side;{101677.483131, 61304.229785, 45935};{101677.483131, 61304.229785, 46200.0};1fe87f37-9a93-42c1-9ce9-94fab01d7041;a4bb4a1e-6414-4580-bc90-e302d17e9af6;UPB265(265X1200);UPB265(265X1200)
Side;{101621.284496, 61108.679546, 46067.5};{100686.43744, 60918.676093, 46067.5};1fe87f37-9a93-42c1-9ce9-94fab01d7041;46a2087d-90ca-410f-bd11-ec0f6d7b4433;UPB265(265X1200);UPB265(265X1200)
Side;{93908.995269, 60132.070479, 46067.5};{95212.116938, 58059.007238, 46067.5};694fb024-07e6-4893-be79-9e403cb7e910;6b41b901-ebfa-4978-8f3f-6d679ddcc281;UPB265(265X1200);UPB265(265X1200)
Side;{94595.045661, 60563.319872, 46067.500001};{96056.88486, 58237.762157, 46067.500001};694fb024-07e6-4893-be79-9e403cb7e910;8dfe2cba-053f-426e-9730-a90b95ffcc7d;UPB265(265X1200);UPB265(265X1200)
Full width support;{94599.408495, 60518.803189, 46067.500001};{93930.288539, 60098.19622, 46067.500001};694fb024-07e6-4893-be79-9e403cb7e910;13d74127-81b5-4e25-8361-d2fabb4da628;UPB265(265X1200);400*520
Full width support;{93930.274363, 60098.218758, 46067.5};{92914.322283, 59459.594165, 46067.5};6b41b901-ebfa-4978-8f3f-6d679ddcc281;13d74127-81b5-4e25-8361-d2fabb4da628;UPB265(265X1200);400*520
Horizontal;{96545.973467, 62250.217545, 42189.99};{98482.441261, 59169.604917, 42189.99};2a1983b7-9247-4fa0-8169-2e2e510a5721;ccf4b07f-8e2b-4554-8634-7c70c79fa171;4000*200;3645*200
Corner;{96532.618374, 62064.648444, 38819.99};{96532.618374, 62064.648444, 42181.8325};ccf4b07f-8e2b-4554-8634-7c70c79fa171;cd66ff9e-1ce9-4f0e-b96f-497a6c05c807;3645*200;7380*300
Corner;{96718.937609, 62181.761261, 38819.99};{96718.937609, 62181.761261, 42179.99};caafcc46-08c9-400d-a607-076a10a28f3f;ccf4b07f-8e2b-4554-8634-7c70c79fa171;7715.01*300;3645*200
Other;{98429.218299, 59254.274195, 38819.99};{98429.218299, 59254.274195, 42179.99};ccf4b07f-8e2b-4554-8634-7c70c79fa171;ff8804ab-313a-4041-92db-1487fa6f1c28;3645*200;3490*200
One Layer Wall Connections;{96545.973537, 62250.217433, 38667.491981};{96705.633438, 61996.223895, 38667.491981};96e52afc-95b9-4a84-923c-edb646194bdc;ccf4b07f-8e2b-4554-8634-7c70c79fa171;3729.99*300;3645*200
HCS - Wall;{96565.721463, 62002.77685, 38667.49};{98321.249209, 59209.847178, 38667.49};7b0c9e10-7723-4aff-8358-0a816520413a;ccf4b07f-8e2b-4554-8634-7c70c79fa171;UPB265(265X1200);3645*200
One Layer Wall Connections;{98429.21706, 59254.276166, 38534.99};{98429.21706, 59254.276166, 38799.99};ccf4b07f-8e2b-4554-8634-7c70c79fa171;ecf2574f-ebd3-4181-bdd1-0ddd58cefb1f;3645*200;3729.99*200
Corner;{96532.618374, 62064.648444, 42197.97};{96532.618374, 62064.648444, 46199.99};2a1983b7-9247-4fa0-8169-2e2e510a5721;cd66ff9e-1ce9-4f0e-b96f-497a6c05c807;4000*200;7380*300
Corner;{96718.937609, 62181.761261, 42199.99};{96718.937609, 62181.761261, 46199.99};2a1983b7-9247-4fa0-8169-2e2e510a5721;caafcc46-08c9-400d-a607-076a10a28f3f;4000*200;7715.01*300
Other;{98522.352144, 59312.826149, 42329.99};{98522.352144, 59312.826149, 45934.99};2a1983b7-9247-4fa0-8169-2e2e510a5721;477beb17-aa3f-49dd-a095-28bb2a5fa504;4000*200;3605*200
One Layer Wall Connections;{98375.995336, 59338.943473, 42254.99};{98482.441261, 59169.604917, 42254.99};2a1983b7-9247-4fa0-8169-2e2e510a5721;ff8804ab-313a-4041-92db-1487fa6f1c28;4000*200;3490*200
HCS - Wall;{96833.734531, 62017.735424, 46067.495};{98519.905487, 59334.916097, 46067.495};892c2091-9d64-4c10-a9d5-0a8d95c760af;2a1983b7-9247-4fa0-8169-2e2e510a5721;UPB265(265X1200);4000*200
HCS - Wall;{99531.235891, 60017.902738, 45934.995};{98515.24258, 59379.343743, 45934.995};892c2091-9d64-4c10-a9d5-0a8d95c760af;477beb17-aa3f-49dd-a095-28bb2a5fa504;UPB265(265X1200);3605*200
Side;{97971.44819, 62499.641716, 46067.5};{99552.471561, 59984.115277, 46067.5};4f7592f4-685c-4976-a094-352ba2871c3f;892c2091-9d64-4c10-a9d5-0a8d95c760af;UPB265(265X1200);UPB265(265X1200)
HCS - Wall;{94604.564509, 60722.838308, 46067.495};{95529.668803, 61304.32185, 46067.495};8dfe2cba-053f-426e-9730-a90b95ffcc7d;61da2f0e-84df-4d44-9393-e3f0648c5bfd;UPB265(265X1200);7380*300
HCS - Wall;{95552.684624, 61318.789252, 45935.0};{95552.684624, 61318.789252, 46199.99};8dfe2cba-053f-426e-9730-a90b95ffcc7d;cd66ff9e-1ce9-4f0e-b96f-497a6c05c807;UPB265(265X1200);7380*300
Support not full width of HCS;{94861.465373, 60783.904817, 46067.5};{94588.036591, 60612.038456, 46067.5};8dfe2cba-053f-426e-9730-a90b95ffcc7d;13d74127-81b5-4e25-8361-d2fabb4da628;UPB265(265X1200);400*520
Side;{102906.348732, 62045.530298, 38667.49};{103385.078572, 59688.123242, 38667.49};970eb4c5-86e2-4d65-9a60-1bfe52f70ec8;dc25d811-500d-4f86-a843-91b88446805e;UPB265(265X1200);UPB265(265X1200)
Side;{101836.646793, 61283.290279, 38667.49};{102209.082852, 59449.30518, 38667.49};d0381554-3ddd-460e-936a-754bfbd047b4;dc25d811-500d-4f86-a843-91b88446805e;UPB265(265X1200);UPB265(265X1200)
Full width support 1;{103377.118357, 59727.321688, 38667.49};{102201.122046, 59488.506536, 38667.49};dc25d811-500d-4f86-a843-91b88446805e;59575b99-dfd7-40c4-8583-811e8e32883a;UPB265(265X1200);650*640
No connection;{101776.727234, 61358.941804, 38809.99};{102900.58665, 62065.543312, 38809.99};dc25d811-500d-4f86-a843-91b88446805e;ff8804ab-313a-4041-92db-1487fa6f1c28;UPB265(265X1200);3490*200
HCS - Wall;{102900.591672, 62065.535256, 38667.49};{101776.730018, 61358.925465, 38667.49};dc25d811-500d-4f86-a843-91b88446805e;b74f63de-232d-4fa4-9155-8bb852b55a6a;UPB265(265X1200);3729.99*200
Side;{103992.200825, 62728.242193, 38667.49};{104561.074883, 59926.938394, 38667.49};970eb4c5-86e2-4d65-9a60-1bfe52f70ec8;e6512596-504a-4b0d-8a41-c44ff9c1b7f6;UPB265(265X1200);UPB265(265X1200)
Beam at side of HCS 2;{104084.577733, 59870.991248, 38667.49};{103377.117884, 59727.324019, 38667.49};970eb4c5-86e2-4d65-9a60-1bfe52f70ec8;59575b99-dfd7-40c4-8583-811e8e32883a;UPB265(265X1200);650*640
No connection;{102862.580523, 62041.647808, 38809.99};{103986.441736, 62748.250446, 38809.99};970eb4c5-86e2-4d65-9a60-1bfe52f70ec8;ff8804ab-313a-4041-92db-1487fa6f1c28;UPB265(265X1200);3490*200
HCS - Wall;{103986.443765, 62748.247151, 38667.49};{103136.60002, 62213.921677, 38667.49};970eb4c5-86e2-4d65-9a60-1bfe52f70ec8;938d9535-0275-4057-9f6e-5e8d9e166f5a;UPB265(265X1200);3729.99*200
Beam at side of HCS 2;{104153.185352, 59884.92339, 38667.49};{104553.114775, 59966.137423, 38667.49};970eb4c5-86e2-4d65-9a60-1bfe52f70ec8;3dd7092e-c949-4291-abde-8c47eb6b7aac;UPB265(265X1200);600*640
HCS - Wall;{103119.668531, 62203.276278, 38667.49};{102862.58211, 62041.63736, 38667.49};970eb4c5-86e2-4d65-9a60-1bfe52f70ec8;b74f63de-232d-4fa4-9155-8bb852b55a6a;UPB265(265X1200);3729.99*200
Full width support 1;{105729.11117, 60204.951054, 38667.49};{104553.114859, 59966.135902, 38667.49};e6512596-504a-4b0d-8a41-c44ff9c1b7f6;3dd7092e-c949-4291-abde-8c47eb6b7aac;UPB265(265X1200);600*640
Unclassified;{105832.671651, 60285.947552, 38199.989998};{105832.671651, 60285.947552, 38799.99};2ee24634-3e53-4cad-a85f-4662671482aa;3dd7092e-c949-4291-abde-8c47eb6b7aac;3729.99*200;600*640
Unclassified;{105836.406756, 60267.553798, 38499.989999};{105963.772527, 59640.355297, 38499.989999};38a220dc-9d2c-4512-a218-512813428f1b;3dd7092e-c949-4291-abde-8c47eb6b7aac;3729.99*200;600*640
Normal;{105855.428454, 60299.509519, 35070};{105855.428454, 60299.509519, 38799.99};2ee24634-3e53-4cad-a85f-4662671482aa;38a220dc-9d2c-4512-a218-512813428f1b;3729.99*200;3729.99*200
Normal;{106349.222833, 57869.168193, 35070};{106349.222833, 57869.168193, 38799.99};38a220dc-9d2c-4512-a218-512813428f1b;5be6318e-d7dc-42b9-873c-f886b6d84b72;3729.99*200;3729.99*200
Side;{100750.769527, 60600.702345, 38667.49};{101033.087132, 59210.487117, 38667.49};290433cc-4075-485f-af2c-e7954cb0715b;d0381554-3ddd-460e-936a-754bfbd047b4;UPB265(265X1200);UPB265(265X1200)
Full width support 1;{101025.126918, 59249.685563, 38667.49};{99849.130607, 59010.870411, 38667.49};290433cc-4075-485f-af2c-e7954cb0715b;59575b99-dfd7-40c4-8583-811e8e32883a;UPB265(265X1200);650*640
No connection;{99605.020656, 59993.529796, 38809.99};{100704.653265, 60684.89924, 38809.99};290433cc-4075-485f-af2c-e7954cb0715b;ff8804ab-313a-4041-92db-1487fa6f1c28;UPB265(265X1200);3490*200
HCS - Wall;{100681.856865, 60557.604184, 38534.99};{100681.856865, 60557.604184, 38799.99};290433cc-4075-485f-af2c-e7954cb0715b;b74f63de-232d-4fa4-9155-8bb852b55a6a;UPB265(265X1200);3729.99*200
Full width support 1;{102201.122637, 59488.503626, 38667.49};{101025.126327, 59249.688474, 38667.49};d0381554-3ddd-460e-936a-754bfbd047b4;59575b99-dfd7-40c4-8583-811e8e32883a;UPB265(265X1200);650*640
No connection;{100690.873945, 60676.2358, 38809.99};{101790.470535, 61367.582598, 38809.99};d0381554-3ddd-460e-936a-754bfbd047b4;ff8804ab-313a-4041-92db-1487fa6f1c28;UPB265(265X1200);3490*200
HCS - Wall;{101790.478335, 61367.569497, 38667.49};{100690.877926, 60676.21357, 38667.49};d0381554-3ddd-460e-936a-754bfbd047b4;b74f63de-232d-4fa4-9155-8bb852b55a6a;UPB265(265X1200);3729.99*200
No connection;{94708.206544, 60787.970344, 38809.99};{94604.570223, 60722.828991, 38809.99};d36ea452-e8cb-4ffc-9fb2-61e542ae7eab;61da2f0e-84df-4d44-9393-e3f0648c5bfd;UPB265(265X1200);7380*300
Side;{94686.915911, 60821.833161, 38667.49};{96303.45995, 58250.016827, 38667.49};2f194520-7c85-410d-a8f6-678dddef0c54;d36ea452-e8cb-4ffc-9fb2-61e542ae7eab;UPB265(265X1200);UPB265(265X1200)
Full width support 1;{96157.853903, 58481.660889, 38667.49};{95141.88352, 57843.065414, 38667.49};d36ea452-e8cb-4ffc-9fb2-61e542ae7eab;a31d9910-51e7-4ed8-8dfe-7a415d37ba18;UPB265(265X1200);650*640
Not ideal overlap;{95290.858788, 57590.665098, 38534.99};{95290.858788, 57590.665098, 38799.99};5263ebc2-a1af-4579-ae30-6543dd0ec002;d36ea452-e8cb-4ffc-9fb2-61e542ae7eab;UPB400(400X1200);UPB265(265X1200)
HCS - Wall;{93707.242593, 60087.933073, 38667.49};{94841.799696, 58282.914936, 38667.49};d36ea452-e8cb-4ffc-9fb2-61e542ae7eab;7b9f83c6-b205-42ee-ac46-5b821cb96012;UPB265(265X1200);3729.99*200
HCS - Wall;{94708.207392, 60787.968996, 38667.49};{93692.237009, 60149.37352, 38667.49};d36ea452-e8cb-4ffc-9fb2-61e542ae7eab;2a0fa8c0-c24a-4d5f-9a50-4447fc79bc86;UPB265(265X1200);3729.99*300
Unclassified;{95243.225525, 57418.734988, 38499.99};{94829.552251, 58076.877286, 38499.99};7b9f83c6-b205-42ee-ac46-5b821cb96012;a31d9910-51e7-4ed8-8dfe-7a415d37ba18;3729.99*200;650*640
HCS - Wall;{95371.932172, 57213.96641, 38599.99};{95136.638978, 57588.311123, 38599.99};5263ebc2-a1af-4579-ae30-6543dd0ec002;7b9f83c6-b205-42ee-ac46-5b821cb96012;UPB400(400X1200);3729.99*200
HCS - Wall;{95414.169324, 57360.05358, 38399.99};{95414.169324, 57360.05358, 38799.99};4331ad39-e75e-4ca7-a633-f8e1dc5909af;7b9f83c6-b205-42ee-ac46-5b821cb96012;UPB400(400X1200);3729.99*200
Corner;{93600.325442, 60032.541832, 35070};{93600.325442, 60032.541832, 38799.99};2a0fa8c0-c24a-4d5f-9a50-4447fc79bc86;7b9f83c6-b205-42ee-ac46-5b821cb96012;3729.99*300;3729.99*200
HCS - Wall;{94770.171981, 57945.846461, 38667.49};{94436.219226, 58477.145619, 38667.49};9b3d585a-95d4-49e9-b22e-1978c48e26b0;7b9f83c6-b205-42ee-ac46-5b821cb96012;UPB265(265X1200);3729.99*200
Other;{95411.854241, 57357.178131, 35070};{95411.854241, 57357.178131, 38149.99};7b9f83c6-b205-42ee-ac46-5b821cb96012;861535f1-3a78-4104-9421-d1a57ab85d76;3729.99*200;3729.99*200
Horizontal;{98344.552221, 59201.040741, 38809.99};{99561.768849, 59966.338511, 38809.99};ecf2574f-ebd3-4181-bdd1-0ddd58cefb1f;ff8804ab-313a-4041-92db-1487fa6f1c28;3729.99*200;3490*200
HCS - Wall;{98287.253927, 59235.810067, 38667.49};{97654.644704, 58838.176337, 38667.49};7b0c9e10-7723-4aff-8358-0a816520413a;ecf2574f-ebd3-4181-bdd1-0ddd58cefb1f;UPB265(265X1200);3729.99*200
Normal;{97678.130828, 58782.047045, 35070};{97678.130828, 58782.047045, 38149.99};861535f1-3a78-4104-9421-d1a57ab85d76;ecf2574f-ebd3-4181-bdd1-0ddd58cefb1f;3729.99*200;3729.99*200
No connection;{96574.338099, 61960.946967, 38809.99};{95558.369643, 61322.348425, 38809.99};7b0c9e10-7723-4aff-8358-0a816520413a;cd66ff9e-1ce9-4f0e-b96f-497a6c05c807;UPB265(265X1200);7380*300
HCS - Wall;{96574.338172, 61960.946852, 38667.49};{95558.369716, 61322.348311, 38667.49};7b0c9e10-7723-4aff-8358-0a816520413a;96e52afc-95b9-4a84-923c-edb646194bdc;UPB265(265X1200);3729.99*300
Side;{95528.616237, 61350.893353, 38667.49};{97284.144033, 58557.96291, 38667.49};2f194520-7c85-410d-a8f6-678dddef0c54;7b0c9e10-7723-4aff-8358-0a816520413a;UPB265(265X1200);UPB265(265X1200)
Full width support 1;{97302.16719, 58546.897875, 38534.99};{97302.16719, 58546.897875, 38799.99};7b0c9e10-7723-4aff-8358-0a816520413a;a31d9910-51e7-4ed8-8dfe-7a415d37ba18;UPB265(265X1200);650*640
No connection;{94708.197754, 60787.96551, 38809.99};{95529.674439, 61304.312884, 38809.99};2f194520-7c85-410d-a8f6-678dddef0c54;61da2f0e-84df-4d44-9393-e3f0648c5bfd;UPB265(265X1200);7380*300
HCS - Wall;{95501.954132, 61286.88863, 38534.99};{95501.954132, 61286.88863, 38799.99};2f194520-7c85-410d-a8f6-678dddef0c54;96e52afc-95b9-4a84-923c-edb646194bdc;UPB265(265X1200);3729.99*300
Full width support 1;{97207.528698, 58661.062127, 38667.49};{96374.290324, 58137.320789, 38667.49};2f194520-7c85-410d-a8f6-678dddef0c54;a31d9910-51e7-4ed8-8dfe-7a415d37ba18;UPB265(265X1200);650*640
HCS - Wall;{95445.538715, 61251.42813, 38667.49};{94708.198395, 60787.964591, 38667.49};2f194520-7c85-410d-a8f6-678dddef0c54;2a0fa8c0-c24a-4d5f-9a50-4447fc79bc86;UPB265(265X1200);3729.99*300
Full width support 1;{101228.980722, 58729.920374, 38599.99};{100053.00951, 58490.981657, 38599.99};ea8c030e-abac-4100-80cd-54e67ad30e13;59575b99-dfd7-40c4-8583-811e8e32883a;UPB400(400X1200);650*640
Beam at side of HCS 2;{98971.493189, 58271.477943, 38599.99};{100052.991632, 58491.105752, 38599.99};b4f471b4-f5bf-46d5-a665-ddcf498df807;59575b99-dfd7-40c4-8583-811e8e32883a;UPB400(400X1200);650*640
Full width support 1;{102404.976448, 58968.738438, 38599.99};{101229.005236, 58729.799721, 38599.99};7d986322-33a1-47d1-bda7-aa546f928cd7;59575b99-dfd7-40c4-8583-811e8e32883a;UPB400(400X1200);650*640
Horizontal;{94546.032223, 60815.95955, 38809.99};{95387.000588, 61344.558614, 38809.99};2a0fa8c0-c24a-4d5f-9a50-4447fc79bc86;61da2f0e-84df-4d44-9393-e3f0648c5bfd;3729.99*300;7380*300
Normal;{95395.467115, 61349.880002, 35070.0};{95395.467115, 61349.880002, 38799.99};2a0fa8c0-c24a-4d5f-9a50-4447fc79bc86;96e52afc-95b9-4a84-923c-edb646194bdc;3729.99*300;3729.99*300
HCS - Wall;{93519.635896, 60300.702073, 38667.49};{93144.130494, 60064.696952, 38667.49};c320bbb3-3b50-49f9-8053-ccdfc5f9fa3c;2a0fa8c0-c24a-4d5f-9a50-4447fc79bc86;UPB265(265X1200);3729.99*300
HCS - Wall;{94535.604776, 60939.299759, 38667.49};{93519.608188, 60300.745978, 38667.49};650220c1-86ba-45a3-ac27-3e2ed199a190;2a0fa8c0-c24a-4d5f-9a50-4447fc79bc86;UPB265(265X1200);3729.99*300
HCS - Wall;{93358.187547, 59939.401727, 38534.99};{93358.187547, 59939.401727, 38799.99};9b3d585a-95d4-49e9-b22e-1978c48e26b0;2a0fa8c0-c24a-4d5f-9a50-4447fc79bc86;UPB265(265X1200);3729.99*300
Normal;{93194.201038, 59966.251562, 35070};{93194.201038, 59966.251562, 38534.99};2a0fa8c0-c24a-4d5f-9a50-4447fc79bc86;ea6bfe83-c8a7-46c2-8e91-f970e30c65bd;3729.99*300;3729.99*300
Horizontal;{98530.817128, 59318.148319, 42319.99};{105125.911137, 63464.666383, 42319.99};477beb17-aa3f-49dd-a095-28bb2a5fa504;ff8804ab-313a-4041-92db-1487fa6f1c28;3605*200;3490*200
No connection;{103948.433811, 62724.353812, 38809.99};{105072.296822, 63430.95758, 38809.99};e6512596-504a-4b0d-8a41-c44ff9c1b7f6;ff8804ab-313a-4041-92db-1487fa6f1c28;UPB265(265X1200);3490*200
Other;{105099.237148, 63447.895708, 38819.99};{105099.237148, 63447.895708, 42309.99};875e181e-6b43-422f-b1b4-8f1824d170b4;ff8804ab-313a-4041-92db-1487fa6f1c28;7380*200;3490*200
Horizontal;{105125.909508, 63464.667759, 38809.99};{103136.60002, 62213.921677, 38809.99};938d9535-0275-4057-9f6e-5e8d9e166f5a;ff8804ab-313a-4041-92db-1487fa6f1c28;3729.99*200;3490*200
Horizontal;{105046.009676, 63532.552877, 38809.99};{105152.462946, 63363.237487, 38809.99};2ee24634-3e53-4cad-a85f-4662671482aa;ff8804ab-313a-4041-92db-1487fa6f1c28;3729.99*200;3490*200
Horizontal;{103119.66633, 62203.279779, 38809.99};{100586.279016, 60610.453587, 38809.99};b74f63de-232d-4fa4-9155-8bb852b55a6a;ff8804ab-313a-4041-92db-1487fa6f1c28;3729.99*200;3490*200
Other;{105099.237148, 63447.895708, 42329.99};{105099.237148, 63447.895708, 45934.99};477beb17-aa3f-49dd-a095-28bb2a5fa504;875e181e-6b43-422f-b1b4-8f1824d170b4;3605*200;7380*200
HCS - Wall;{104298.089109, 63014.989331, 45934.995};{103594.719725, 62572.917478, 45934.995};c0f7fe65-28fc-44c2-b126-3108cfdb49d1;477beb17-aa3f-49dd-a095-28bb2a5fa504;UPB265(265X1200);3605*200
HCS - Wall;{103594.805585, 62572.780868, 45934.995};{102578.81176, 61934.222689, 45934.995};343338d8-5ab3-4548-a0fc-925094791ae2;477beb17-aa3f-49dd-a095-28bb2a5fa504;UPB265(265X1200);3605*200
HCS - Wall;{102578.913232, 61934.06124, 45934.995};{101562.919407, 61295.503061, 45934.995};a4bb4a1e-6414-4580-bc90-e302d17e9af6;477beb17-aa3f-49dd-a095-28bb2a5fa504;UPB265(265X1200);3605*200
HCS - Wall;{101563.020879, 61295.341611, 45934.995};{100547.027054, 60656.783432, 45934.995};46a2087d-90ca-410f-bd11-ec0f6d7b4433;477beb17-aa3f-49dd-a095-28bb2a5fa504;UPB265(265X1200);3605*200
HCS - Wall;{100547.128526, 60656.621983, 45934.995};{99531.134701, 60018.063805, 45934.995};4f7592f4-685c-4976-a094-352ba2871c3f;477beb17-aa3f-49dd-a095-28bb2a5fa504;UPB265(265X1200);3605*200
HCS - Wall;{105094.020413, 63515.406952, 45934.995};{104332.838825, 63036.999784, 45934.995};fb4155dd-8f45-4b14-b8ac-ecd5cadb1c05;477beb17-aa3f-49dd-a095-28bb2a5fa504;UPB265(265X1200);3605*200
HCS - Wall;{103948.49845, 62724.394453, 45934.995};{105072.275121, 63430.943936, 45934.995};256cb5b9-837a-4868-9d6e-d6956fa49bbd;477beb17-aa3f-49dd-a095-28bb2a5fa504;UPB265(265X1200);3605*200
Unclassified;{91433.726756, 61269.955174, 51409.95};{91433.726756, 61269.955174, 52109.95};1b1026b0-e653-40a8-bf82-70f0c107112b;59c5f5f8-b127-4a47-8423-7641a061abb4;900*640;700*640
Unclassified;{93266.722459, 57377.382698, 51594.984945};{93823.853322, 57692.351269, 51594.984945};1026a097-6010-49c6-a291-4124b46e9959;59c5f5f8-b127-4a47-8423-7641a061abb4;600*400;700*640
Unclassified;{93518.334131, 57258.995661, 51949.954944};{93215.637313, 57794.419686, 51949.954944};1afd1776-5faa-478b-8f32-0a8b53b344e0;59c5f5f8-b127-4a47-8423-7641a061abb4;700*320;700*640
Unclassified;{82679.565946, 55238.501548, 51139.999963};{82679.565946, 55238.501548, 51779.949895};57578f00-7f13-4479-8fe6-21db3ad03b04;b92679d9-f147-4171-8013-82e12e1ab619;650*400;650*600
Unclassified;{83399.558723, 55028.756024, 51789.980951};{83260.251667, 55714.754234, 51789.980951};a78111ff-cf6e-490f-8491-71592be4578a;b92679d9-f147-4171-8013-82e12e1ab619;700*320;650*600
Unclassified;{94651.862292, 60882.480428, 45799.999298};{94651.862292, 60882.480428, 46199.99};13d74127-81b5-4e25-8361-d2fabb4da628;61da2f0e-84df-4d44-9393-e3f0648c5bfd;400*520;7380*300
Unclassified;{92889.445789, 59396.731527, 45999.999479};{92612.720232, 59836.984824, 45999.999479};13d74127-81b5-4e25-8361-d2fabb4da628;b8aaed91-2ac2-449a-9414-2cc68af79877;400*520;1000*640
Unclassified;{91458.3337, 61226.448161, 45899.997002};{91458.3337, 61226.448161, 46799.997002};b8aaed91-2ac2-449a-9414-2cc68af79877;e6ca1925-911b-4a3c-a7f3-582e73a2d8d6;1000*640;900*640
Unclassified;{91204.561604, 61191.850693, 45839.9985};{91627.891715, 61457.917635, 45839.9985};b8aaed91-2ac2-449a-9414-2cc68af79877;ed4dd3a9-c58b-4833-a845-7774b9aaa7a0;1000*640;500*500
Beam at side of HCS 2;{91648.886778, 61437.530598, 46667.498501};{91855.422407, 61072.19286, 46667.498501};474100a5-4528-4bd7-9601-dab6509689a8;b8aaed91-2ac2-449a-9414-2cc68af79877;UPB265(265X1200);1000*640
Side;{89327.682697, 60111.263868, 38667.49};{90450.685662, 58324.466438, 38667.49};089b203b-1567-45bc-81ea-4d0e63ce62cf;860199ac-0902-4f89-bbe1-e8c4ababdb28;UPB265(265X1200);UPB265(265X1200)
HCS - Wall;{90942.87717, 58681.053102, 38534.99};{91445.385548, 58996.909912, 38534.99};860199ac-0902-4f89-bbe1-e8c4ababdb28;ea6bfe83-c8a7-46c2-8e91-f970e30c65bd;UPB265(265X1200);3729.99*300
HCS - Wall;{90429.405226, 58358.320573, 38534.99};{90925.937351, 58670.420948, 38534.99};860199ac-0902-4f89-bbe1-e8c4ababdb28;f72fbe07-4790-449a-acac-d6771dcbfba3;UPB265(265X1200);3729.99*300
Side;{90343.679974, 60749.816409, 38667.49};{91466.654537, 58963.064128, 38667.49};860199ac-0902-4f89-bbe1-e8c4ababdb28;bfc2f9ce-2ee4-4614-b4b4-aff57ae0337a;UPB265(265X1200);UPB265(265X1200)
HCS - Wall;{90364.96465, 60715.950651, 38667.49};{89593.193256, 60230.891992, 38667.49};860199ac-0902-4f89-bbe1-e8c4ababdb28;84366252-3be3-4508-b04d-80c28a8b6554;UPB265(265X1200);3729.99*250
HCS - Wall;{89576.259662, 60220.250108, 38667.49};{89348.967596, 60077.397436, 38667.49};860199ac-0902-4f89-bbe1-e8c4ababdb28;1aa8303d-078a-4220-85ce-771f22a93a31;UPB265(265X1200);3729.99*250
HCS - Wall;{92461.351789, 59635.506951, 38534.99};{91445.355427, 58996.952809, 38534.99};bfc2f9ce-2ee4-4614-b4b4-aff57ae0337a;ea6bfe83-c8a7-46c2-8e91-f970e30c65bd;UPB265(265X1200);3729.99*300
Beam at side of HCS 2;{91281.094926, 61291.740017, 38534.99};{91281.094926, 61291.740017, 38799.99};bfc2f9ce-2ee4-4614-b4b4-aff57ae0337a;ed4dd3a9-c58b-4833-a845-7774b9aaa7a0;UPB265(265X1200);500*500
HCS - Wall;{91164.291945, 61218.326278, 38667.49};{90364.964597, 60715.950415, 38667.49};bfc2f9ce-2ee4-4614-b4b4-aff57ae0337a;84366252-3be3-4508-b04d-80c28a8b6554;UPB265(265X1200);3729.99*250
Side;{92258.254367, 62307.673588, 38667.49};{93540.9074, 60266.857104, 38667.49};650220c1-86ba-45a3-ac27-3e2ed199a190;c320bbb3-3b50-49f9-8053-ccdfc5f9fa3c;UPB265(265X1200);UPB265(265X1200)
HCS - Wall;{93127.20695, 60054.048663, 38534.99};{92503.644648, 59662.139795, 38534.99};c320bbb3-3b50-49f9-8053-ccdfc5f9fa3c;ea6bfe83-c8a7-46c2-8e91-f970e30c65bd;UPB265(265X1200);3729.99*300
Beam at side of HCS 2;{91535.202796, 61404.205872, 38667.49};{91332.897101, 61726.08762, 38667.49};c320bbb3-3b50-49f9-8053-ccdfc5f9fa3c;ed4dd3a9-c58b-4833-a845-7774b9aaa7a0;UPB265(265X1200);500*500
HCS - Wall;{92279.551173, 62273.788543, 38667.49};{91695.008853, 61906.403732, 38667.49};c320bbb3-3b50-49f9-8053-ccdfc5f9fa3c;812d8454-acb5-4e23-b54b-fa4844ec758a;UPB265(265X1200);4861*250
HCS - Wall;{92021.167592, 61857.264238, 38667.49};{91576.262018, 61577.64185, 38667.49};c320bbb3-3b50-49f9-8053-ccdfc5f9fa3c;d662b2d0-a03b-4f7e-aac3-9580c8b4d153;UPB265(265X1200);3729.99*250
Full width support 1;{93603.103463, 57510.06217, 38667.49};{94619.073109, 58148.658819, 38667.49};9b3d585a-95d4-49e9-b22e-1978c48e26b0;a31d9910-51e7-4ed8-8dfe-7a415d37ba18;UPB265(265X1200);650*640
HCS - Wall;{92439.200269, 59361.763581, 38534.99};{93244.273018, 59867.799132, 38534.99};9b3d585a-95d4-49e9-b22e-1978c48e26b0;ea6bfe83-c8a7-46c2-8e91-f970e30c65bd;UPB265(265X1200);3729.99*300
Side;{93496.319079, 57679.955504, 38667.49};{92417.910798, 59395.628247, 38667.49};6f470f56-4a30-497c-9ecf-0f902e44f1a1;9b3d585a-95d4-49e9-b22e-1978c48e26b0;UPB265(265X1200);UPB265(265X1200)
Beam at side of HCS 2;{93487.631679, 57656.188569, 38534.99};{93487.631679, 57656.188569, 38799.99};9b3d585a-95d4-49e9-b22e-1978c48e26b0;8e2841d2-8be3-41e0-94bd-dbfc6847ff88;UPB265(265X1200);650*640
HCS - Wall;{90429.414032, 58358.311583, 38534.99};{89413.417682, 57719.757421, 38534.99};089b203b-1567-45bc-81ea-4d0e63ce62cf;f72fbe07-4790-449a-acac-d6771dcbfba3;UPB265(265X1200);3729.99*300
HCS - Wall;{89348.967375, 60077.398116, 38667.49};{88332.971025, 59438.843955, 38667.49};089b203b-1567-45bc-81ea-4d0e63ce62cf;1aa8303d-078a-4220-85ce-771f22a93a31;UPB265(265X1200);3729.99*250
Side;{88311.685423, 59472.711329, 38667.49};{89434.716786, 57685.868749, 38667.49};089b203b-1567-45bc-81ea-4d0e63ce62cf;70e973b6-c2f3-4a43-af2c-8bd8adb61af8;UPB265(265X1200);UPB265(265X1200)
HCS - Wall;{91423.232431, 58723.164432, 38534.99};{92439.200182, 59361.764095, 38534.99};6f470f56-4a30-497c-9ecf-0f902e44f1a1;ea6bfe83-c8a7-46c2-8e91-f970e30c65bd;UPB265(265X1200);3729.99*300
HCS - Wall;{91059.939437, 58494.814327, 38534.99};{91423.231699, 58723.165632, 38534.99};f97927c4-dea4-4e2d-b50f-859b69704d08;ea6bfe83-c8a7-46c2-8e91-f970e30c65bd;UPB265(265X1200);3729.99*300
Normal;{90992.934961, 58582.623123, 35070};{90992.934961, 58582.623123, 38534.99};ea6bfe83-c8a7-46c2-8e91-f970e30c65bd;f72fbe07-4790-449a-acac-d6771dcbfba3;3729.99*300;3729.99*300
Normal;{87287.371675, 58882.081645, 35070};{87287.371675, 58882.081645, 38534.99};1aa8303d-078a-4220-85ce-771f22a93a31;2c2454d9-72fc-4d1f-9fd3-ec1f9f6bc861;3729.99*250;3729.99*250
Normal;{89539.495617, 60297.537669, 35070};{89539.495617, 60297.537669, 38799.99};1aa8303d-078a-4220-85ce-771f22a93a31;84366252-3be3-4508-b04d-80c28a8b6554;3729.99*250;3729.99*250
HCS - Wall;{88332.970162, 59438.845658, 38667.49};{87341.068618, 58815.437243, 38667.49};70e973b6-c2f3-4a43-af2c-8bd8adb61af8;1aa8303d-078a-4220-85ce-771f22a93a31;UPB265(265X1200);3729.99*250
Unclassified;{83111.188458, 59965.773546, 38359.989999};{82845.150812, 60389.122068, 38359.989999};6a519226-846a-4ebd-8499-d58c6a8ded47;d99af54f-c97c-4363-a38a-96d7768cd51e;480*640;BL500*500
Full width support 1;{77311.556358, 60617.755162, 38667.49};{77550.367856, 59441.758109, 38667.49};4d3b9862-c0c4-4e8a-afa1-d1d92c0514c2;4a06d5a2-0897-4bad-a841-e4651f638c06;UPB265(265X1200);580*740
Concrete beam 1;{82015.639615, 61573.020456, 38667.49};{82254.451114, 60397.023404, 38667.49};4d3b9862-c0c4-4e8a-afa1-d1d92c0514c2;6a519226-846a-4ebd-8499-d58c6a8ded47;UPB265(265X1200);480*640
Side;{77342.290218, 59399.505281, 38667.49};{82522.510278, 60451.460395, 38667.49};4d3b9862-c0c4-4e8a-afa1-d1d92c0514c2;6dddc7ac-821e-420a-b648-00529ffbd700;UPB265(265X1200);UPB265(265X1200)
Side;{77432.006159, 60642.215085, 38667.49};{81840.112933, 61537.375988, 38667.49};423393db-9ac8-4e0c-81c3-cf8cba91ac01;4d3b9862-c0c4-4e8a-afa1-d1d92c0514c2;UPB265(265X1200);UPB265(265X1200)
Full width support 1;{77221.841036, 59375.047296, 38667.49};{77460.652534, 58199.050243, 38667.49};6dddc7ac-821e-420a-b648-00529ffbd700;4a06d5a2-0897-4bad-a841-e4651f638c06;UPB265(265X1200);580*740
Concrete beam 1;{82698.035294, 60487.106338, 38667.49};{82936.846792, 59311.109285, 38667.49};6dddc7ac-821e-420a-b648-00529ffbd700;6a519226-846a-4ebd-8499-d58c6a8ded47;UPB265(265X1200);480*640
Side;{77252.57525, 58156.795674, 38667.49};{83204.90631, 59365.544536, 38667.49};6dddc7ac-821e-420a-b648-00529ffbd700;9aaf1390-0d35-4520-8b6f-9e7e6ae7228b;UPB265(265X1200);UPB265(265X1200)
Full width support 1;{77132.125448, 58132.335751, 38667.49};{77370.936947, 56956.338698, 38667.49};9aaf1390-0d35-4520-8b6f-9e7e6ae7228b;4a06d5a2-0897-4bad-a841-e4651f638c06;UPB265(265X1200);580*740
Concrete beam 1;{83380.432993, 59401.189005, 38667.49};{83619.244491, 58225.191952, 38667.49};9aaf1390-0d35-4520-8b6f-9e7e6ae7228b;6a519226-846a-4ebd-8499-d58c6a8ded47;UPB265(265X1200);480*640
Side;{77162.859662, 56914.084129, 38667.49};{83887.304009, 58279.627203, 38667.49};9aaf1390-0d35-4520-8b6f-9e7e6ae7228b;c416e184-f516-4dbb-a1be-9f143942e487;UPB265(265X1200);UPB265(265X1200)
Unclassified;{86659.37673, 58546.429113, 38452.489999};{86134.423105, 58216.544752, 38452.489999};2c2454d9-72fc-4d1f-9fd3-ec1f9f6bc861;50ed71e9-2ac6-42f2-b1d5-e4bb2126eb37;3729.99*250;480*620
Unclassified;{81524.920796, 66717.023337, 38452.489999};{80999.967171, 66387.138976, 38452.489999};1d241c44-eec2-4ca5-87fe-d63a1ca2c465;50ed71e9-2ac6-42f2-b1d5-e4bb2126eb37;3729.99*300;480*620
Beam at side of HCS 2;{81204.985322, 66782.690109, 38667.49};{81146.394626, 65971.266409, 38667.49};1db648d4-8f64-4062-b450-7c250f3a659b;50ed71e9-2ac6-42f2-b1d5-e4bb2126eb37;UPB265(265X1200);480*620
Beam at side of HCS 2;{86646.492039, 58437.942613, 38534.99};{86646.492039, 58437.942613, 38799.99};a8443c02-1ba0-42ca-ac4a-ebbb44040355;50ed71e9-2ac6-42f2-b1d5-e4bb2126eb37;UPB265(265X1200);480*620
Full width support 1;{81192.404772, 54558.988178, 38599.99};{80016.433561, 54320.049462, 38599.99};e75508ab-bbcd-4704-aba3-c94dd88be2f4;3dc432d6-5a7d-4861-bb62-b97a47e43aa9;UPB400(400X1200);750*720
Side;{81182.460378, 54607.930941, 38599.99};{83145.849853, 44944.827647, 38599.99};76f61c01-91c6-4409-aa5a-0aa775620bd8;e75508ab-bbcd-4704-aba3-c94dd88be2f4;UPB400(400X1200);UPB400(400X1200)
Full width support 1;{82368.399141, 54797.81292, 38599.99};{81192.42793, 54558.874203, 38599.99};76f61c01-91c6-4409-aa5a-0aa775620bd8;3dc432d6-5a7d-4861-bb62-b97a47e43aa9;UPB400(400X1200);750*720
Full width support 1;{76952.694273, 55646.912661, 38667.49};{77191.505772, 54470.915609, 38667.49};ef347d4f-20a4-4bc0-81e4-6c5a534f9a96;4a06d5a2-0897-4bad-a841-e4651f638c06;UPB265(265X1200);580*740
Not connection 2;{84468.483171, 57193.563483, 38534.99};{84468.483171, 57193.563483, 38799.99};ef347d4f-20a4-4bc0-81e4-6c5a534f9a96;6a519226-846a-4ebd-8499-d58c6a8ded47;UPB265(265X1200);480*640
Side;{77073.144075, 55671.372585, 38667.49};{84569.701708, 57193.70987, 38667.49};c416e184-f516-4dbb-a1be-9f143942e487;ef347d4f-20a4-4bc0-81e4-6c5a534f9a96;UPB265(265X1200);UPB265(265X1200)
Not connection 2;{77899.601068, 54594.334326, 38667.49};{83481.02478, 55727.762472, 38667.49};ef347d4f-20a4-4bc0-81e4-6c5a534f9a96;3dc432d6-5a7d-4861-bb62-b97a47e43aa9;UPB265(265X1200);750*720
HCS - Wall;{86092.651236, 56298.190373, 38667.49};{85386.374088, 57422.095752, 38667.49};ef347d4f-20a4-4bc0-81e4-6c5a534f9a96;9e78c3e7-06ac-4ed6-ba1f-49152e708e6b;UPB265(265X1200);3729.99*300
Not connection 2;{83302.639787, 55701.748429, 38667.49};{86032.278244, 56256.060235, 38667.49};ef347d4f-20a4-4bc0-81e4-6c5a534f9a96;f7e46018-efcf-4402-a91d-b4396eb1f109;UPB265(265X1200);650*640
Unclassified;{81506.088986, 62520.000605, 38359.989999};{81240.05134, 62943.349126, 38359.989999};6a519226-846a-4ebd-8499-d58c6a8ded47;905d8aab-0eff-4de9-a0da-8d698e181e98;480*640;BL500*500
Concrete beam 2;{84062.830691, 58315.271672, 38667.49};{84295.679379, 57168.637729, 38667.49};c416e184-f516-4dbb-a1be-9f143942e487;6a519226-846a-4ebd-8499-d58c6a8ded47;UPB265(265X1200);480*640
Unclassified;{84975.668058, 57553.190734, 38369.989997};{84975.668058, 57553.190734, 38534.99};2c2454d9-72fc-4d1f-9fd3-ec1f9f6bc861;6a519226-846a-4ebd-8499-d58c6a8ded47;3729.99*250;480*640
Unclassified;{84447.710613, 57369.047244, 38359.989999};{84871.059134, 57635.08489, 38359.989999};6a519226-846a-4ebd-8499-d58c6a8ded47;979ba37c-df51-4b14-97ce-5a5edbd0464e;480*640;BL500*500
Unclassified;{79767.058809, 65287.348204, 38359.989999};{79501.021162, 65710.696726, 38359.989999};1eda423e-0a6f-4b4b-a785-cd355647625f;6a519226-846a-4ebd-8499-d58c6a8ded47;BL500*500;480*640
Unclassified;{79483.839087, 65095.739885, 38609.989999};{79249.132605, 65691.149716, 38609.989999};6a519226-846a-4ebd-8499-d58c6a8ded47;79f4c10d-29ad-44a0-97cf-a05879ec934b;480*640;480*640
Concrete beam 1;{80137.999601, 64560.958196, 38667.49};{80376.8111, 63384.961143, 38667.49};c81a6c19-f2bb-465e-afe5-b821602108ac;6a519226-846a-4ebd-8499-d58c6a8ded47;UPB265(265X1200);480*640
Concrete beam 1;{80820.3973, 63475.040863, 38667.49};{81059.208798, 62299.04381, 38667.49};4e42b04d-bcd3-4c7a-be4d-dda576ad0060;6a519226-846a-4ebd-8499-d58c6a8ded47;UPB265(265X1200);480*640
Concrete beam 1;{81463.040291, 62340.234056, 38667.49};{81634.55471, 61495.632969, 38667.49};423393db-9ac8-4e0c-81c3-cf8cba91ac01;6a519226-846a-4ebd-8499-d58c6a8ded47;UPB265(265X1200);480*640
Unclassified;{79910.439502, 65613.672734, 38452.489999};{79750.785207, 65867.661919, 38452.489999};1d241c44-eec2-4ca5-87fe-d63a1ca2c465;6a519226-846a-4ebd-8499-d58c6a8ded47;3729.99*300;480*640
Concrete beam 2;{79428.898967, 65825.471088, 38667.49};{79814.647798, 65211.618868, 38667.49};709ec1a7-5558-4795-8480-c2a3adf15a50;6a519226-846a-4ebd-8499-d58c6a8ded47;UPB265(265X1200);480*640
Full width support 1;{77042.409861, 56889.624206, 38667.49};{77281.221359, 55713.627153, 38667.49};c416e184-f516-4dbb-a1be-9f143942e487;4a06d5a2-0897-4bad-a841-e4651f638c06;UPB265(265X1200);580*740
Unclassified;{76398.280842, 54191.720959, 38559.990001};{77083.137553, 54330.803876, 38559.990001};3dc432d6-5a7d-4861-bb62-b97a47e43aa9;4a06d5a2-0897-4bad-a841-e4651f638c06;750*720;580*740
Unclassified;{74021.12614, 53571.766136, 38199.995736};{74021.12614, 53571.766136, 38849.999999};3dc432d6-5a7d-4861-bb62-b97a47e43aa9;457dceb7-5020-4b6c-b5ad-adb54c413e12;750*720;650*520
Unclassified;{83458.495258, 55386.486679, 38199.989999};{83458.495258, 55386.486679, 38849.99};3dc432d6-5a7d-4861-bb62-b97a47e43aa9;f7e46018-efcf-4402-a91d-b4396eb1f109;750*720;650*640
Full width support 1;{76186.987939, 53542.470526, 38599.99};{75011.016169, 53303.534556, 38599.99};75ee7914-9a34-4d84-9d35-7b257d6cdf5e;3dc432d6-5a7d-4861-bb62-b97a47e43aa9;UPB400(400X1200);750*720
Beam at side of HCS 2;{74031.926736, 53104.815643, 38599.99};{75010.999736, 53303.648956, 38599.99};31fa5520-2cb2-4131-b3e3-fb32a2758fa4;3dc432d6-5a7d-4861-bb62-b97a47e43aa9;UPB400(400X1200);750*720
Beam at side of HCS 2;{83571.427847, 55093.080991, 38399.99};{83571.427847, 55093.080991, 38799.99};fdf88aee-b2d2-419c-a2e0-78867fdd946d;3dc432d6-5a7d-4861-bb62-b97a47e43aa9;UPB400(400X1200);750*720
Unclassified;{74395.119828, 53494.936399, 43100.23};{74395.119828, 53494.936399, 44300.230004};6015a916-4283-4f7a-a170-171cf614f47a;7dbc1e73-31f7-46fc-a07e-add471f74640;BL1200*820;1200*820
Unclassified;{78537.55519, 63371.33613, 46179.999999};{78537.55519, 63371.33613, 46470.000218};d79fc582-6970-43a6-b264-a2dcbae2f03c;ec51dfa5-2a9f-4bef-b58c-97eb21415cfa;650*600;300*200
Side;{73465.527193, 59541.571742, 38667.49};{76753.899275, 59304.171471, 38667.49};b9dfa5e4-a108-43d1-84a1-8204629ac716;eb9ef3a1-0d89-4090-a0fb-56ba3251476a;UPB265(265X1200);UPB265(265X1200)
Full width support 1;{76800.410053, 60503.936786, 38667.49};{76714.002306, 59307.051787, 38667.49};eb9ef3a1-0d89-4090-a0fb-56ba3251476a;4a06d5a2-0897-4bad-a841-e4651f638c06;UPB265(265X1200);580*740
Side;{73551.934797, 60738.456752, 38667.49};{76840.30649, 60501.056508, 38667.49};d1f6040d-6f04-4bf4-92e7-a1b7669f5e59;eb9ef3a1-0d89-4090-a0fb-56ba3251476a;UPB265(265X1200);UPB265(265X1200)
Full width support 1;{76714.002838, 59307.051749, 38667.49};{76627.59509, 58110.166749, 38667.49};b9dfa5e4-a108-43d1-84a1-8204629ac716;4a06d5a2-0897-4bad-a841-e4651f638c06;UPB265(265X1200);580*740
Full width support 1;{76478.378281, 56043.255966, 38667.49};{76391.970534, 54846.370966, 38667.49};28690f1f-b031-448b-b1bf-c5a8e0980e57;4a06d5a2-0897-4bad-a841-e4651f638c06;UPB265(265X1200);580*740
Full width support 1;{76541.188325, 56913.281679, 38667.49};{76481.258072, 56083.152163, 38667.49};e5f2772c-eadd-46fb-bbb3-5aefb6538aff;4a06d5a2-0897-4bad-a841-e4651f638c06;UPB265(265X1200);580*740
Full width support 1;{76627.595622, 58110.166711, 38667.49};{76541.187875, 56913.281712, 38667.49};ac5a388b-ae03-4a19-acca-017a31cb10b3;4a06d5a2-0897-4bad-a841-e4651f638c06;UPB265(265X1200);580*740
Full width support 1;{77059.6317, 64094.591899, 38667.49};{76973.223953, 62897.7069, 38667.49};461d5ca4-557c-4ff0-8535-736b089086a7;4a06d5a2-0897-4bad-a841-e4651f638c06;UPB265(265X1200);580*740
Full width support 1;{76973.224484, 62897.706861, 38667.49};{76886.816737, 61700.821862, 38667.49};cd58f2c1-2710-44da-bbb7-17fd8d0ef894;4a06d5a2-0897-4bad-a841-e4651f638c06;UPB265(265X1200);580*740
Full width support 1;{76886.817269, 61700.821824, 38667.49};{76800.409522, 60503.936825, 38667.49};d1f6040d-6f04-4bf4-92e7-a1b7669f5e59;4a06d5a2-0897-4bad-a841-e4651f638c06;UPB265(265X1200);580*740
Full width support 1;{77553.15505, 64036.049907, 38667.49};{77791.966548, 62860.052854, 38667.49};c81a6c19-f2bb-465e-afe5-b821602108ac;4a06d5a2-0897-4bad-a841-e4651f638c06;UPB265(265X1200);580*740
Full width support 1;{77468.6962, 62794.405856, 38667.49};{77707.507698, 61618.408803, 38667.49};4e42b04d-bcd3-4c7a-be4d-dda576ad0060;4a06d5a2-0897-4bad-a841-e4651f638c06;UPB265(265X1200);580*740
Full width support 1;{77422.279559, 61519.670669, 38667.49};{77593.793978, 60675.069582, 38667.49};423393db-9ac8-4e0c-81c3-cf8cba91ac01;4a06d5a2-0897-4bad-a841-e4651f638c06;UPB265(265X1200);580*740
Side;{73379.119588, 58344.686733, 38667.49};{76667.492059, 58107.286433, 38667.49};ac5a388b-ae03-4a19-acca-017a31cb10b3;b9dfa5e4-a108-43d1-84a1-8204629ac716;UPB265(265X1200);UPB265(265X1200)
Side;{73231.364066, 56298.03331, 38667.49};{76519.73662, 56060.633005, 38667.49};28690f1f-b031-448b-b1bf-c5a8e0980e57;e5f2772c-eadd-46fb-bbb3-5aefb6538aff;UPB265(265X1200);UPB265(265X1200)
Side;{73292.711984, 57147.801723, 38667.49};{76581.08468, 56910.401407, 38667.49};ac5a388b-ae03-4a19-acca-017a31cb10b3;e5f2772c-eadd-46fb-bbb3-5aefb6538aff;UPB265(265X1200);UPB265(265X1200)
Beam at side of HCS 2;{73738.351463, 53540.492638, 38599.99};{72843.503075, 53358.675756, 38599.99};0feba92a-9a6c-4c94-9846-67ca3fa641e4;457dceb7-5020-4b6c-b5ad-adb54c413e12;UPB400(400X1200);650*520
Side;{75001.04904, 53352.589926, 38599.99};{76964.405194, 43689.534956, 38599.99};31fa5520-2cb2-4131-b3e3-fb32a2758fa4;75ee7914-9a34-4d84-9d35-7b257d6cdf5e;UPB400(400X1200);UPB400(400X1200)
Side;{72518.019568, 53519.882567, 38599.99};{74612.412611, 43211.905585, 38599.99};0feba92a-9a6c-4c94-9846-67ca3fa641e4;9f61ff20-c2a3-4502-942a-6af92e489461;UPB400(400X1200);UPB400(400X1200)
Side;{73825.054373, 53113.765126, 38599.99};{75788.40896, 43450.720283, 38599.99};0feba92a-9a6c-4c94-9846-67ca3fa641e4;31fa5520-2cb2-4131-b3e3-fb32a2758fa4;UPB400(400X1200);UPB400(400X1200)
Side;{71275.201814, 53609.939911, 38599.99};{73283.125285, 43727.537395, 38599.99};4eca8473-ceee-444b-bc6a-e53751c7921d;9f61ff20-c2a3-4502-942a-6af92e489461;UPB400(400X1200);UPB400(400X1200)
Horizontal;{80312.977153, 44083.853592, 41160.009334};{73257.035923, 42650.960431, 41159.992104};2908db2f-7ddf-4a69-8adc-9a073f42560e;397e7259-5264-4b46-88ec-c9fe15c03afb;880*400.01;880*400.01
Horizontal;{80312.9486, 44083.844128, 41940.009342};{73257.034809, 42650.956539, 41939.992113};243aef28-2194-4987-9898-114f842ff7b5;397e7259-5264-4b46-88ec-c9fe15c03afb;710*400.01;880*400.01
Horizontal;{80312.948627, 44083.839395, 40380.009334};{73257.007407, 42650.946236, 40379.992104};21c4ad4b-4894-40a2-aafe-4582d7b32288;2908db2f-7ddf-4a69-8adc-9a073f42560e;880*400.01;880*400.01
Horizontal;{80312.950803, 44083.838056, 39600.010826};{73256.977589, 42650.938399, 39599.993596};21c4ad4b-4894-40a2-aafe-4582d7b32288;296a2870-cb30-4e09-bb2b-aee7ef155d2c;880*400.01;880*400
Unclassified;{93376.138698, 57206.571551, 51784.989889};{93296.533762, 57598.571259, 51784.989889};1026a097-6010-49c6-a291-4124b46e9959;1afd1776-5faa-478b-8f32-0a8b53b344e0;600*400;700*320
Unclassified;{98884.903781, 58529.339947, 51180.019887};{98884.903781, 58529.339947, 51780.01989};1026a097-6010-49c6-a291-4124b46e9959;93444219-7bd4-4e0c-826c-81f89ec94d04;600*400;600*400
Side;{100043.041269, 58540.04179, 38599.99};{102026.33645, 48778.9697, 38599.99};b4f471b4-f5bf-46d5-a665-ddcf498df807;ea8c030e-abac-4100-80cd-54e67ad30e13;UPB400(400X1200);UPB400(400X1200)
Side;{101219.036995, 58778.859853, 38599.99};{103202.332851, 49017.784444, 38599.99};7d986322-33a1-47d1-bda7-aa546f928cd7;ea8c030e-abac-4100-80cd-54e67ad30e13;UPB400(400X1200);UPB400(400X1200)
Beam at side of HCS 2;{98889.950936, 58254.858652, 38399.99};{98889.950936, 58254.858652, 38799.99};b4f471b4-f5bf-46d5-a665-ddcf498df807;a31d9910-51e7-4ed8-8dfe-7a415d37ba18;UPB400(400X1200);650*640
Side;{98867.045543, 58301.223726, 38599.99};{100850.34005, 48540.154955, 38599.99};8d2abd68-b7c6-4ad3-8b0c-319f28a6e537;b4f471b4-f5bf-46d5-a665-ddcf498df807;UPB400(400X1200);UPB400(400X1200)
Unclassified;{88366.89959, 56037.484072, 51949.961901};{88227.592533, 56723.482282, 51949.961901};1afd1776-5faa-478b-8f32-0a8b53b344e0;a78111ff-cf6e-490f-8491-71592be4578a;700*320;700*320
Full width support 1;{95348.999751, 57535.841575, 38599.99};{94173.02854, 57296.902859, 38599.99};5263ebc2-a1af-4579-ae30-6543dd0ec002;a31d9910-51e7-4ed8-8dfe-7a415d37ba18;UPB400(400X1200);650*640
Full width support 1;{96524.995979, 57774.657166, 38599.99};{95349.024768, 57535.718449, 38599.99};4331ad39-e75e-4ca7-a633-f8e1dc5909af;a31d9910-51e7-4ed8-8dfe-7a415d37ba18;UPB400(400X1200);650*640
Full width support 1;{98876.988437, 58252.288346, 38599.99};{97701.017225, 58013.34963, 38599.99};8d2abd68-b7c6-4ad3-8b0c-319f28a6e537;a31d9910-51e7-4ed8-8dfe-7a415d37ba18;UPB400(400X1200);650*640
Full width support 1;{97700.992208, 58013.472756, 38599.99};{96525.020997, 57774.534039, 38599.99};50a2cc7d-034d-4fa1-8b1c-2f27d263f7b3;a31d9910-51e7-4ed8-8dfe-7a415d37ba18;UPB400(400X1200);650*640
Side;{95339.056271, 57584.779839, 38599.99};{97322.350789, 47823.711016, 38599.99};4331ad39-e75e-4ca7-a633-f8e1dc5909af;5263ebc2-a1af-4579-ae30-6543dd0ec002;UPB400(400X1200);UPB400(400X1200)
Side;{96515.0525, 57823.595429, 38599.99};{98498.347187, 48062.525769, 38599.99};4331ad39-e75e-4ca7-a633-f8e1dc5909af;50a2cc7d-034d-4fa1-8b1c-2f27d263f7b3;UPB400(400X1200);UPB400(400X1200)
Side;{97691.048728, 58062.41102, 38599.99};{99674.343586, 48301.340522, 38599.99};50a2cc7d-034d-4fa1-8b1c-2f27d263f7b3;8d2abd68-b7c6-4ad3-8b0c-319f28a6e537;UPB400(400X1200);UPB400(400X1200)
Side;{92239.383603, 57424.720263, 38667.49};{91401.94491, 58757.031446, 38667.49};6f470f56-4a30-497c-9ecf-0f902e44f1a1;f97927c4-dea4-4e2d-b50f-859b69704d08;UPB265(265X1200);UPB265(265X1200)
Full width support 1;{92334.744138, 57273.012559, 38667.49};{93350.711888, 57911.612222, 38667.49};6f470f56-4a30-497c-9ecf-0f902e44f1a1;8e2841d2-8be3-41e0-94bd-dbfc6847ff88;UPB265(265X1200);650*640
Full width support 1;{91077.806123, 57017.776429, 38667.49};{92093.77481, 57656.374603, 38667.49};f97927c4-dea4-4e2d-b50f-859b69704d08;8e2841d2-8be3-41e0-94bd-dbfc6847ff88;UPB265(265X1200);650*640
HCS - Wall;{90407.262962, 58084.567538, 38534.99};{91043.006619, 58484.171132, 38534.99};f97927c4-dea4-4e2d-b50f-859b69704d08;f72fbe07-4790-449a-acac-d6771dcbfba3;UPB265(265X1200);3729.99*300
HCS - Wall;{87283.106348, 58779.007644, 38534.99};{86614.987191, 58359.094439, 38534.99};a8443c02-1ba0-42ca-ac4a-ebbb44040355;2c2454d9-72fc-4d1f-9fd3-ec1f9f6bc861;UPB265(265X1200);3729.99*250
Beam at side of HCS 2;{87736.168017, 56612.320274, 38534.99};{87736.168017, 56612.320274, 38799.99};a8443c02-1ba0-42ca-ac4a-ebbb44040355;f7e46018-efcf-4402-a91d-b4396eb1f109;UPB265(265X1200);650*640
Side;{87278.491671, 58823.352332, 38667.49};{88401.570879, 57036.433687, 38667.49};70e973b6-c2f3-4a43-af2c-8bd8adb61af8;a8443c02-1ba0-42ca-ac4a-ebbb44040355;UPB265(265X1200);UPB265(265X1200)
HCS - Wall;{88363.605712, 57059.837308, 38534.99};{87695.486555, 56639.924103, 38534.99};a8443c02-1ba0-42ca-ac4a-ebbb44040355;6d2b588e-1ca3-4891-b2c0-40f3ef154752;UPB265(265X1200);3729.99*300
HCS - Wall;{89413.445153, 57719.713897, 38534.99};{88741.590436, 57297.452899, 38534.99};70e973b6-c2f3-4a43-af2c-8bd8adb61af8;f72fbe07-4790-449a-acac-d6771dcbfba3;UPB265(265X1200);3729.99*300
HCS - Wall;{88397.465104, 57081.128964, 38534.99};{88724.668997, 57286.796337, 38534.99};70e973b6-c2f3-4a43-af2c-8bd8adb61af8;6d2b588e-1ca3-4891-b2c0-40f3ef154752;UPB265(265X1200);3729.99*300
Unclassified;{85001.906903, 57445.670966, 35100};{85001.906903, 57445.670966, 38349.99};2c2454d9-72fc-4d1f-9fd3-ec1f9f6bc861;979ba37c-df51-4b14-97ce-5a5edbd0464e;3729.99*250;BL500*500
Corner;{85338.734176, 57497.905585, 35070};{85338.734176, 57497.905585, 38534.99};2c2454d9-72fc-4d1f-9fd3-ec1f9f6bc861;9e78c3e7-06ac-4ed6-ba1f-49152e708e6b;3729.99*250;3729.99*300
Other;{86586.56838, 55812.956256, 35070};{86586.56838, 55812.956256, 38534.99};6d2b588e-1ca3-4891-b2c0-40f3ef154752;9e78c3e7-06ac-4ed6-ba1f-49152e708e6b;3729.99*300;3729.99*300
Unclassified;{86595.018272, 55818.267522, 38367.489999};{88142.000412, 56790.639061, 38367.489999};6d2b588e-1ca3-4891-b2c0-40f3ef154752;f7e46018-efcf-4402-a91d-b4396eb1f109;3729.99*300;650*640
Unclassified;{88322.62797, 56703.380639, 38199.989999};{88322.62797, 56703.380639, 38534.99};6d2b588e-1ca3-4891-b2c0-40f3ef154752;8e2841d2-8be3-41e0-94bd-dbfc6847ff88;3729.99*300;650*640
Normal;{88791.668897, 57198.99487, 35070};{88791.668897, 57198.99487, 38534.99};6d2b588e-1ca3-4891-b2c0-40f3ef154752;f72fbe07-4790-449a-acac-d6771dcbfba3;3729.99*300;3729.99*300
Full width support 1;{89785.545199, 56406.098661, 38599.99};{88609.573987, 56167.159945, 38599.99};99419d5b-9a2a-4936-ae00-f25e50224075;8e2841d2-8be3-41e0-94bd-dbfc6847ff88;UPB400(400X1200);650*640
Full width support 1;{90961.544311, 56644.900056, 38599.99};{89785.5731, 56405.96134, 38599.99};d5f5e987-5a78-482a-b9a0-96813b72a053;8e2841d2-8be3-41e0-94bd-dbfc6847ff88;UPB400(400X1200);650*640
Beam at side of HCS 2;{88498.171049, 56144.678178, 38399.99};{88498.171049, 56144.678178, 38799.99};39c6e5f9-bfdb-4526-8389-e1b5a2c90626;8e2841d2-8be3-41e0-94bd-dbfc6847ff88;UPB400(400X1200);650*640
Unclassified;{86513.7653, 55628.067654, 38499.989999};{86080.107557, 56318.151245, 38499.989999};9e78c3e7-06ac-4ed6-ba1f-49152e708e6b;f7e46018-efcf-4402-a91d-b4396eb1f109;3729.99*300;650*640
Full width support 1;{84700.478262, 55373.450448, 38599.99};{83524.50705, 55134.511731, 38599.99};fdf88aee-b2d2-419c-a2e0-78867fdd946d;f7e46018-efcf-4402-a91d-b4396eb1f109;UPB400(400X1200);650*640
Beam at side of HCS 2;{87433.545868, 55928.464257, 38599.99};{88318.195232, 56108.113833, 38599.99};39c6e5f9-bfdb-4526-8389-e1b5a2c90626;f7e46018-efcf-4402-a91d-b4396eb1f109;UPB400(400X1200);650*640
Side;{88599.604024, 56216.228551, 38599.99};{90582.909809, 46455.104273, 38599.99};39c6e5f9-bfdb-4526-8389-e1b5a2c90626;99419d5b-9a2a-4936-ae00-f25e50224075;UPB400(400X1200);UPB400(400X1200)
Side;{89775.603137, 56455.029946, 38599.99};{91758.906259, 46693.918775, 38599.99};99419d5b-9a2a-4936-ae00-f25e50224075;d5f5e987-5a78-482a-b9a0-96813b72a053;UPB400(400X1200);UPB400(400X1200)
Horizontal;{110369.556753, 56363.266498, 40709.993843};{111564.069628, 50481.141884, 40709.993819};49eb0c32-18c0-4788-a3ff-0cdf9c3c275c;9a63117e-1545-4237-8a28-a66f8bdf3898;1990*350;1990*350
Corner;{106930.910516, 55558.720453, 38819.99};{106930.910516, 55558.720453, 43050.0};0b1917b9-c0eb-4f28-9f73-c6786611f461;e5ebbdcb-5a3a-40f9-b1a3-7d23ccf95ec1;4230.01*200;4230.01*200
Horizontal;{106940.710247, 55560.709865, 38919.995};{110051.171547, 56192.569745, 38919.995};0b1917b9-c0eb-4f28-9f73-c6786611f461;6433bd8d-a408-4c73-a7e8-c1fa0c4b3573;4230.01*200;3950*200
One Layer Wall Connections;{106823.109799, 55536.813486, 38819.99};{106823.109799, 55536.813486, 39020};6433bd8d-a408-4c73-a7e8-c1fa0c4b3573;e5ebbdcb-5a3a-40f9-b1a3-7d23ccf95ec1;3950*200;4230.01*200
Horizontal;{106352.717916, 57851.968289, 38809.99};{106799.217391, 55654.405476, 38809.99};5be6318e-d7dc-42b9-873c-f886b6d84b72;e5ebbdcb-5a3a-40f9-b1a3-7d23ccf95ec1;3729.99*200;4230.01*200
Corner;{106801.207241, 55644.60583, 35070};{106801.207241, 55644.60583, 38799.99};5be6318e-d7dc-42b9-873c-f886b6d84b72;6433bd8d-a408-4c73-a7e8-c1fa0c4b3573;3729.99*200;3950*200
Corner;{106894.014741, 55438.955153, 35070.0};{106894.014741, 55438.955153, 38799.99};47e40c21-42a9-4a5c-8fce-c3cc5d4dfd2c;6433bd8d-a408-4c73-a7e8-c1fa0c4b3573;3729.99*300;3950*200
Normal;{107492.967554, 52491.176198, 35070.0};{107492.967554, 52491.176198, 38799.99};2f111722-087d-45ef-a16e-7a009fc047df;47e40c21-42a9-4a5c-8fce-c3cc5d4dfd2c;3729.99*300;3729.99*300
Unclassified;{78398.171783, 76790.500703, 51139.959996};{78398.171783, 76790.500703, 51789.96};7778d671-cc00-41c8-a751-73f9d8a185c0;a9c43c5a-ccad-44bc-8d1e-44b7ad2a5c9c;650*400;650*400
Normal;{75757.019479, 83298.435989, 45319.985737};{75757.019479, 83298.435989, 52109.985737};71334350-a703-4682-9ade-6355225b8109;9ceccdb1-c07c-492f-978d-2af0de04384a;6790*400;6790*400
Horizontal;{75766.993523, 83297.71595, 45309.985737};{78455.725813, 83103.613048, 45309.985737};71334350-a703-4682-9ade-6355225b8109;cc940fcc-ed6f-42dd-bc4b-84bda2b3b977;6790*400;6409.99*400
Horizontal;{73263.503607, 83478.445977, 45309.985737};{75747.045436, 83299.156028, 45309.985737};0363309d-976a-4f91-8dce-6c68f1933e1b;9ceccdb1-c07c-492f-978d-2af0de04384a;6409.99*400;6790*400
Normal;{73253.529564, 83479.166016, 45319.985737};{73253.529564, 83479.166016, 52109.985737};92b3df29-be66-4e4e-afbd-a52c4d9ef95d;9ceccdb1-c07c-492f-978d-2af0de04384a;6790*400;6790*400
Horizontal;{70750.042864, 83659.89581, 45309.985738};{73243.55552, 83479.886054, 45309.985738};92b3df29-be66-4e4e-afbd-a52c4d9ef95d;d11940a2-cc80-4da7-ac1f-fe3ffe08b34d;6790*400;6409.99*400
Unclassified;{69902.980217, 77404.993102, 51179.949958};{69902.980217, 77404.993102, 51779.950002};a0287179-c962-413f-847c-0d86b62f6aa6;c9756d37-dbc8-4cec-be32-9190993ca15e;600*300;600*300
Full width support 1;{78374.064792, 81625.549797, 45167.5};{78330.651588, 81024.441378, 45167.5};cbf61953-28f2-49bf-8503-e2336e981d70;ed583e4f-7d3c-4a63-9070-c65c7598c86c;UPB265(265X1200);600*640
Full width support 1;{78330.658271, 81024.440683, 45167.5};{78244.21708, 79827.558099, 45167.5};87e50d65-5394-40f7-b971-5a6ba4a4660e;ed583e4f-7d3c-4a63-9070-c65c7598c86c;UPB265(265X1200);600*640
Full width support 1;{78244.226009, 79827.557303, 45167.5};{78157.784795, 78630.674721, 45167.5};33ef8c03-abd6-491f-b68d-e2785d6f1e0d;ed583e4f-7d3c-4a63-9070-c65c7598c86c;UPB265(265X1200);600*640
Full width support 1;{78157.793748, 78630.673917, 45167.5};{78071.35251, 77433.791336, 45167.5};90f35082-e943-4b4b-9a3f-4cad9902f9d9;ed583e4f-7d3c-4a63-9070-c65c7598c86c;UPB265(265X1200);600*640
Beam at side of HCS 2;{78436.62386, 82491.842323, 45167.500001};{78376.946069, 81665.445489, 45167.500001};db111eca-2f90-41eb-84a9-ea2f3c236536;ed583e4f-7d3c-4a63-9070-c65c7598c86c;UPB265(265X1200);600*640
Beam at side of HCS 2;{78063.899297, 77329.972828, 45035.0};{78063.899297, 77329.972828, 45300.000003};13039486-3271-4a67-b96a-c42cec5c7430;ed583e4f-7d3c-4a63-9070-c65c7598c86c;UPB265(265X1200);600*640
Full width support 1;{78179.824989, 79634.269172, 38667.49};{78093.417242, 78437.384173, 38667.49};ff77789e-7c80-4e2d-a719-4a6337d49397;b132265b-04ed-42df-8b87-d4758be6aeef;UPB265(265X1200);480*740
Full width support 1;{78323.475617, 81627.168636, 38667.49};{78237.06787, 80430.283637, 38667.49};f5ee1cf6-711a-4e05-917b-f6eadc2d9b85;b132265b-04ed-42df-8b87-d4758be6aeef;UPB265(265X1200);480*740
Full width support 1;{78234.240594, 80390.383675, 38667.49};{78179.654658, 79634.281469, 38667.49};e5adeba6-c4b9-4212-a58a-62c801f7d22b;b132265b-04ed-42df-8b87-d4758be6aeef;UPB265(265X1200);480*740
Beam at side of HCS 2;{78385.507486, 82488.014113, 38667.49};{78323.36033, 81627.176959, 38667.49};cd4df63e-8af3-40d8-aae5-b874769ebe0d;b132265b-04ed-42df-8b87-d4758be6aeef;UPB265(265X1200);480*740
Full width support 1;{78093.551358, 78437.374491, 38658.59};{78007.143611, 77240.489491, 38658.59};7628bb22-69d5-4f7c-af68-f2ac6093959e;b132265b-04ed-42df-8b87-d4758be6aeef;UPB265(265X1200);480*740
Beam at side of HCS 2;{78032.226212, 77238.678682, 38667.49};{78004.451537, 76853.955172, 38667.49};0a10e754-c37e-4778-9610-d02d03d25e59;b132265b-04ed-42df-8b87-d4758be6aeef;UPB265(265X1200);480*740
Normal;{75757.019479, 83298.435989, 38889.995737};{75757.019479, 83298.435989, 45299.985737};0363309d-976a-4f91-8dce-6c68f1933e1b;cc940fcc-ed6f-42dd-bc4b-84bda2b3b977;6409.99*400;6409.99*400
Normal;{73253.529564, 83479.166016, 38889.995737};{73253.529564, 83479.166016, 45299.985738};0363309d-976a-4f91-8dce-6c68f1933e1b;d11940a2-cc80-4da7-ac1f-fe3ffe08b34d;6409.99*400;6409.99*400
HCS - Wall;{73247.66431, 83259.038502, 45167.492869};{74742.512896, 83151.080348, 45167.492869};db111eca-2f90-41eb-84a9-ea2f3c236536;0363309d-976a-4f91-8dce-6c68f1933e1b;UPB265(265X1200);6409.99*400
HCS - Wall;{70734.206217, 83440.52503, 45167.492869};{73227.718873, 83260.515274, 45167.492869};db111eca-2f90-41eb-84a9-ea2f3c236536;d11940a2-cc80-4da7-ac1f-fe3ffe08b34d;UPB265(265X1200);6409.99*400
Side;{70529.369063, 80186.585111, 38667.49};{78219.533393, 79631.402469, 38667.49};e5adeba6-c4b9-4212-a58a-62c801f7d22b;ff77789e-7c80-4e2d-a719-4a6337d49397;UPB265(265X1200);UPB265(265X1200)
Side;{70442.961406, 78989.700105, 38663.04};{78133.381585, 78434.498993, 38663.04};7628bb22-69d5-4f7c-af68-f2ac6093959e;ff77789e-7c80-4e2d-a719-4a6337d49397;UPB265(265X1200);UPB265(265X1200)
Side;{70585.409346, 80962.834395, 38667.49};{78275.606451, 80407.649388, 38667.49};e5adeba6-c4b9-4212-a58a-62c801f7d22b;f5ee1cf6-711a-4e05-917b-f6eadc2d9b85;UPB265(265X1200);UPB265(265X1200)
Side;{70673.242712, 82179.468474, 38667.49};{78363.305844, 81624.293138, 38667.49};cd4df63e-8af3-40d8-aae5-b874769ebe0d;f5ee1cf6-711a-4e05-917b-f6eadc2d9b85;UPB265(265X1200);UPB265(265X1200)
Side;{70500.345813, 81589.961098, 45167.5};{78370.549968, 81021.559627, 45167.5};87e50d65-5394-40f7-b971-5a6ba4a4660e;cbf61953-28f2-49bf-8503-e2336e981d70;UPB265(265X1200);UPB265(265X1200)
Side;{70545.166928, 82211.173978, 45167.5};{78415.411226, 81642.78394, 45167.5};cbf61953-28f2-49bf-8503-e2336e981d70;db111eca-2f90-41eb-84a9-ea2f3c236536;UPB265(265X1200);UPB265(265X1200)
Side;{70413.938227, 80393.076087, 45167.5};{78284.117695, 79824.676247, 45167.5};33ef8c03-abd6-491f-b68d-e2785d6f1e0d;87e50d65-5394-40f7-b971-5a6ba4a4660e;UPB265(265X1200);UPB265(265X1200)
Side;{70327.53064, 79196.191075, 45167.5};{78197.685421, 78627.79286, 45167.5};33ef8c03-abd6-491f-b68d-e2785d6f1e0d;90f35082-e943-4b4b-9a3f-4cad9902f9d9;UPB265(265X1200);UPB265(265X1200)
Side;{70241.123544, 77999.313368, 45167.5};{78111.253686, 77430.916933, 45167.5};13039486-3271-4a67-b96a-c42cec5c7430;90f35082-e943-4b4b-9a3f-4cad9902f9d9;UPB265(265X1200);UPB265(265X1200)
Beam at side of HCS 2;{77991.189133, 76322.613157, 45035.0};{77991.189133, 76322.613157, 45300.000003};13039486-3271-4a67-b96a-c42cec5c7430;3b9cc644-f59c-44b1-baf3-00d3fcc6f34c;UPB265(265X1200);600*640
Full width support 1;{77723.368168, 72606.331761, 45167.500001};{77651.094261, 71605.61336, 45167.500001};4b9c1136-01d8-4d3d-878a-418aaad63600;3b9cc644-f59c-44b1-baf3-00d3fcc6f34c;UPB265(265X1200);600*640
Full width support 1;{77812.530977, 73843.107032, 45167.500001};{77726.089694, 72646.224455, 45167.500001};65cb151e-af86-42a1-bd98-42c8a9dd2f83;3b9cc644-f59c-44b1-baf3-00d3fcc6f34c;UPB265(265X1200);600*640
Full width support 1;{77898.805366, 75040.001663, 45167.500001};{77812.364084, 73843.119086, 45167.500001};6042cc46-efdd-480c-a66b-d3968228ece9;3b9cc644-f59c-44b1-baf3-00d3fcc6f34c;UPB265(265X1200);600*640
Full width support 1;{77985.079756, 76236.896294, 45167.500001};{77898.638474, 75040.013717, 45167.500001};ab87baeb-ca0f-4bb7-b603-37cb87a02472;3b9cc644-f59c-44b1-baf3-00d3fcc6f34c;UPB265(265X1200);600*640
Beam at side of HCS 2;{77651.198966, 71605.628931, 45167.500001};{77617.778396, 71141.98148, 45167.500001};edb917e9-9fe9-4c1a-ba76-bceaea9e92c1;3b9cc644-f59c-44b1-baf3-00d3fcc6f34c;UPB265(265X1200);600*640
Side;{70356.553802, 77792.815095, 38663.04};{78047.107954, 77237.604311, 38663.04};0a10e754-c37e-4778-9610-d02d03d25e59;7628bb22-69d5-4f7c-af68-f2ac6093959e;UPB265(265X1200);UPB265(265X1200)
Horizontal;{69306.226093, 71019.465049, 45455.0};{68707.494506, 62723.723221, 45455.0};43ffc145-9158-40d5-9037-7858e7dcb00d;93bca332-ff08-43fa-a8ba-33213d15f3c2;1425*180;1405*180
Unclassified;{79602.588122, 65183.992713, 38359.99};{79336.550475, 65607.341235, 38359.99};1eda423e-0a6f-4b4b-a785-cd355647625f;79f4c10d-29ad-44a0-97cf-a05879ec934b;BL500*500;480*640
Unclassified;{79800.980065, 65722.039043, 35100};{79800.980065, 65722.039043, 38349.99};1d241c44-eec2-4ca5-87fe-d63a1ca2c465;1eda423e-0a6f-4b4b-a785-cd355647625f;3729.99*300;BL500*500
HCS - Wall;{81541.064945, 66815.835555, 38534.99};{80207.773807, 65977.746105, 38534.99};1db648d4-8f64-4062-b450-7c250f3a659b;1d241c44-eec2-4ca5-87fe-d63a1ca2c465;UPB265(265X1200);3729.99*300
Side;{80481.460663, 70254.101449, 38667.49};{80177.261762, 66041.244853, 38667.49};1db648d4-8f64-4062-b450-7c250f3a659b;709ec1a7-5558-4795-8480-c2a3adf15a50;UPB265(265X1200);UPB265(265X1200)
Support not full width of HCS;{79477.802145, 65583.418343, 38667.49};{78943.867307, 65621.971359, 38667.49};709ec1a7-5558-4795-8480-c2a3adf15a50;79f4c10d-29ad-44a0-97cf-a05879ec934b;UPB265(265X1200);480*640
HCS - Wall;{80280.743279, 66023.613765, 38534.99};{79809.435448, 65727.355798, 38534.99};709ec1a7-5558-4795-8480-c2a3adf15a50;1d241c44-eec2-4ca5-87fe-d63a1ca2c465;UPB265(265X1200);3729.99*300
Side;{79284.572318, 70340.523371, 38667.49};{78933.674219, 65480.807108, 38667.49};709ec1a7-5558-4795-8480-c2a3adf15a50;c5e06388-1e3a-45b6-9b1b-cdc64ae525d3;UPB265(265X1200);UPB265(265X1200)
Not connection 2;{77990.78845, 69366.286279, 38667.49};{77688.500063, 65172.620839, 38667.49};c5e06388-1e3a-45b6-9b1b-cdc64ae525d3;ce97060e-8da0-4f17-b985-cf457a1ed38e;UPB265(265X1200);480*520
Beam at side of HCS 2;{79050.164227, 65322.13759, 38667.49};{77929.566172, 64880.405505, 38667.49};c5e06388-1e3a-45b6-9b1b-cdc64ae525d3;79f4c10d-29ad-44a0-97cf-a05879ec934b;UPB265(265X1200);480*640
Side;{74233.834808, 70183.874285, 38667.49};{77571.423458, 69942.92088, 38667.49};6caaf22a-0ef3-4575-9dd8-f4ba1a0da9fc;ee98dbec-b2c7-46ef-ad9a-e3521239c004;UPB265(265X1200);UPB265(265X1200)
Concrete beam 2;{77570.376017, 70484.350019, 38667.49};{77531.496256, 69945.803379, 38667.49};6caaf22a-0ef3-4575-9dd8-f4ba1a0da9fc;ce97060e-8da0-4f17-b985-cf457a1ed38e;UPB265(265X1200);480*520
Concrete beam 2;{77617.141866, 71132.691235, 38534.99};{77617.141866, 71132.691235, 38799.99};6caaf22a-0ef3-4575-9dd8-f4ba1a0da9fc;54b45889-0328-4ca9-9072-1dd0feeb97f9;UPB265(265X1200);480*640
Side;{74320.242555, 71380.759284, 38667.49};{77657.690947, 71139.816004, 38667.49};6caaf22a-0ef3-4575-9dd8-f4ba1a0da9fc;a6206cc1-13c2-458d-81bd-c1e87f122f2d;UPB265(265X1200);UPB265(265X1200)
Concrete beam 2;{78024.372081, 76782.356746, 38667.49};{77970.777888, 76039.991765, 38667.49};0a10e754-c37e-4778-9610-d02d03d25e59;54b45889-0328-4ca9-9072-1dd0feeb97f9;UPB265(265X1200);480*640
Full width support 1;{77876.686172, 74733.375217, 38667.49};{77790.278425, 73536.490217, 38667.49};871b0137-09db-475f-be4a-a92157b754e9;54b45889-0328-4ca9-9072-1dd0feeb97f9;UPB265(265X1200);480*640
Full width support 1;{77790.410711, 73536.480667, 38667.49};{77704.002964, 72339.595668, 38667.49};2b496481-9282-44e5-af1b-f555e31fbfb0;54b45889-0328-4ca9-9072-1dd0feeb97f9;UPB265(265X1200);480*640
Full width support 1;{77704.13525, 72339.586118, 38667.49};{77617.727503, 71142.701118, 38667.49};a6206cc1-13c2-458d-81bd-c1e87f122f2d;54b45889-0328-4ca9-9072-1dd0feeb97f9;UPB265(265X1200);480*640
Full width support 1;{77962.961633, 75930.269766, 38667.49};{77876.553885, 74733.384767, 38667.49};26a0fdf7-53ac-468b-94b1-675caf29206e;54b45889-0328-4ca9-9072-1dd0feeb97f9;UPB265(265X1200);480*640
Concrete beam 1;{77531.592693, 69945.796417, 38667.49};{77445.184946, 68748.911417, 38667.49};ee98dbec-b2c7-46ef-ad9a-e3521239c004;ce97060e-8da0-4f17-b985-cf457a1ed38e;UPB265(265X1200);480*520
Side;{74147.427204, 68986.989276, 38667.49};{77485.148731, 68746.026277, 38667.49};c1293d38-c8e8-4a00-9e44-da0b92fb86c8;ee98dbec-b2c7-46ef-ad9a-e3521239c004;UPB265(265X1200);UPB265(265X1200)
Concrete beam 1;{77356.154114, 67512.111686, 38667.49};{77281.987464, 66484.785394, 38667.49};444e7df1-ae83-40e4-9406-6106ae5ad58d;ce97060e-8da0-4f17-b985-cf457a1ed38e;UPB265(265X1200);480*520
Concrete beam 1;{77445.317966, 68748.901814, 38667.49};{77358.910219, 67552.016815, 38667.49};c1293d38-c8e8-4a00-9e44-da0b92fb86c8;ce97060e-8da0-4f17-b985-cf457a1ed38e;UPB265(265X1200);480*520
Concrete beam 1;{77282.114942, 66484.776191, 38667.49};{77195.707195, 65287.891192, 38667.49};e1aa590e-c93a-4924-b3b4-b1d7fecbe261;ce97060e-8da0-4f17-b985-cf457a1ed38e;UPB265(265X1200);480*520
Side;{70089.410292, 74092.445608, 38667.49};{77830.241998, 73533.605093, 38667.49};2b496481-9282-44e5-af1b-f555e31fbfb0;871b0137-09db-475f-be4a-a92157b754e9;UPB265(265X1200);UPB265(265X1200)
Side;{70175.817896, 75289.330617, 38667.49};{77916.517524, 74730.499638, 38667.49};26a0fdf7-53ac-468b-94b1-675caf29206e;871b0137-09db-475f-be4a-a92157b754e9;UPB265(265X1200);UPB265(265X1200)
Side;{70003.002687, 72895.560598, 38667.49};{77743.966473, 72336.710548, 38667.49};2b496481-9282-44e5-af1b-f555e31fbfb0;a6206cc1-13c2-458d-81bd-c1e87f122f2d;UPB265(265X1200);UPB265(265X1200)
Side;{77589.146001, 62818.865779, 38667.49};{80644.870618, 63439.396394, 38667.49};4e42b04d-bcd3-4c7a-be4d-dda576ad0060;c81a6c19-f2bb-465e-afe5-b821602108ac;UPB265(265X1200);UPB265(265X1200)
Side;{77503.365736, 61556.775236, 38667.49};{81331.203639, 62334.100062, 38667.49};423393db-9ac8-4e0c-81c3-cf8cba91ac01;4e42b04d-bcd3-4c7a-be4d-dda576ad0060;UPB265(265X1200);UPB265(265X1200)
Side;{74059.598732, 67770.422989, 38667.49};{77397.453138, 67529.450398, 38667.49};444e7df1-ae83-40e4-9406-6106ae5ad58d;c1293d38-c8e8-4a00-9e44-da0b92fb86c8;UPB265(265X1200);UPB265(265X1200)
Side;{73983.972831, 66722.881798, 38667.49};{77321.937948, 66481.901215, 38667.49};444e7df1-ae83-40e4-9406-6106ae5ad58d;e1aa590e-c93a-4924-b3b4-b1d7fecbe261;UPB265(265X1200);UPB265(265X1200)
Side;{73811.15761, 64329.11178, 38667.49};{76559.525757, 64130.696477, 38667.49};461d5ca4-557c-4ff0-8535-736b089086a7;57243176-45ad-4dad-b080-65e7da0749bd;UPB265(265X1200);UPB265(265X1200)
Side;{73897.565357, 65525.996779, 38667.49};{76645.933504, 65327.581476, 38667.49};57243176-45ad-4dad-b080-65e7da0749bd;e1aa590e-c93a-4924-b3b4-b1d7fecbe261;UPB265(265X1200);UPB265(265X1200)
Side;{73724.750006, 63132.226771, 38667.49};{77013.120921, 62894.826584, 38667.49};461d5ca4-557c-4ff0-8535-736b089086a7;cd58f2c1-2710-44da-bbb7-17fd8d0ef894;UPB265(265X1200);UPB265(265X1200)
Side;{73638.342401, 61935.341761, 38667.49};{76926.713706, 61697.941546, 38667.49};cd58f2c1-2710-44da-bbb7-17fd8d0ef894;d1f6040d-6f04-4bf4-92e7-a1b7669f5e59;UPB265(265X1200);UPB265(265X1200)
Unclassified;{77755.088544, 70721.07331, 51139.959996};{77755.088544, 70721.07331, 51789.96};7778d671-cc00-41c8-a751-73f9d8a185c0;7f313f13-e92b-42cc-9795-c15ea42866ad;650*400;650*400
Unclassified;{69624.28461, 71317.338184, 51179.949997};{69624.28461, 71317.338184, 51779.950016};8e1cb7fd-96aa-4d7d-9379-67c9e5674e91;c9756d37-dbc8-4cec-be32-9190993ca15e;650*400;600*300
Unclassified;{69112.388734, 62446.815796, 51140.000023};{69112.388675, 62446.815781, 51779.950027};391196a5-0887-4c2f-bdc5-e4de5083780b;8e1cb7fd-96aa-4d7d-9379-67c9e5674e91;BL650*400;650*400
Unclassified;{77718.754636, 65620.793732, 46179.999999};{77718.754636, 65620.793732, 46470.0};958d533e-33d5-48ac-9eac-8b3c57201b1c;ec51dfa5-2a9f-4bef-b58c-97eb21415cfa;600*400;300*200
Side;{70154.715466, 76802.421034, 45167.5};{78024.893821, 76234.020823, 45167.5};13039486-3271-4a67-b96a-c42cec5c7430;ab87baeb-ca0f-4bb7-b603-37cb87a02472;UPB265(265X1200);UPB265(265X1200)
Side;{69894.05368, 73191.825325, 45167.5};{77764.630467, 72623.396338, 45167.5};4b9c1136-01d8-4d3d-878a-418aaad63600;65cb151e-af86-42a1-bd98-42c8a9dd2f83;UPB265(265X1200);UPB265(265X1200)
Side;{69820.367255, 72171.156824, 45167.5};{77691.06208, 71602.734249, 45167.5};4b9c1136-01d8-4d3d-878a-418aaad63600;edb917e9-9fe9-4c1a-ba76-bceaea9e92c1;UPB265(265X1200);UPB265(265X1200)
Side;{69981.900295, 74408.65103, 45167.5};{77852.345008, 73840.231582, 45167.5};6042cc46-efdd-480c-a66b-d3968228ece9;65cb151e-af86-42a1-bd98-42c8a9dd2f83;UPB265(265X1200);UPB265(265X1200)
Side;{70068.307881, 75605.536042, 45167.5};{77938.619397, 75037.126213, 45167.5};6042cc46-efdd-480c-a66b-d3968228ece9;ab87baeb-ca0f-4bb7-b603-37cb87a02472;UPB265(265X1200);UPB265(265X1200)
Normal;{99761.634593, 63975.858936, 46890.94};{99761.634593, 63975.858936, 52109.94};5a1fe0f9-502c-4197-a1ff-d6a772222691;78e1e69c-3201-4017-8c24-f69716bdc5df;5219*500;5219*500
Normal;{101412.645232, 65013.484517, 46890.94};{101412.645232, 65013.484517, 52109.94};78e1e69c-3201-4017-8c24-f69716bdc5df;943f2909-309b-4637-a33e-c8877e70e340;5219*500;5219*500
Other;{104988.59596, 64512.348543, 43315.944214};{104988.59596, 64512.348543, 45934.99};875e181e-6b43-422f-b1b4-8f1824d170b4;99568f8e-5979-426e-a40e-e4712b03a8c3;7380*200;2884.04*200
Horizontal;{103891.171002, 66255.676261, 43305.942107};{105003.55646, 64488.582858, 43305.942107};27bbaa07-1adb-4ec9-b581-660305123214;99568f8e-5979-426e-a40e-e4712b03a8c3;4475.95*200;2884.04*200
HCS - Wall;{103805.996856, 66166.804834, 46067.492107};{104663.215147, 64802.906416, 46067.492107};fb4155dd-8f45-4b14-b8ac-ecd5cadb1c05;99568f8e-5979-426e-a40e-e4712b03a8c3;UPB265(265X1200);2884.04*200
Normal;{105409.462099, 62494.458092, 38819.99};{105409.462099, 62494.458092, 45934.99};34a1cf49-9bd3-4f64-ba9a-2e22ddf0cc2b;875e181e-6b43-422f-b1b4-8f1824d170b4;7380*200;7380*200
Other;{104988.595959, 64512.348542, 38819.99};{104988.595959, 64512.348542, 43295.94};27bbaa07-1adb-4ec9-b581-660305123214;875e181e-6b43-422f-b1b4-8f1824d170b4;4475.95*200;7380*200
No connection;{105182.809111, 63911.33424, 38809.99};{105421.739946, 62735.361428, 38809.99};47c13b78-583f-4d96-b5e4-8cd583cb0ea0;875e181e-6b43-422f-b1b4-8f1824d170b4;UPB265(265X1200);7380*200
No connection;{105421.741129, 62735.361427, 38809.99};{105466.268947, 62516.204037, 38809.99};2934479e-83e1-4049-bad9-78fea7297779;875e181e-6b43-422f-b1b4-8f1824d170b4;UPB265(265X1200);7380*200
Horizontal;{105152.462865, 63363.239674, 38809.99};{105046.008853, 63532.554597, 38809.99};875e181e-6b43-422f-b1b4-8f1824d170b4;938d9535-0275-4057-9f6e-5e8d9e166f5a;7380*200;3729.99*200
One Layer Wall Connections;{105073.220829, 64565.62011, 38809.99};{104903.964178, 64459.073471, 38809.99};875e181e-6b43-422f-b1b4-8f1824d170b4;bc52960f-e1c1-4f6d-b5d7-aa16804efc33;7380*200;3729.99*200
Horizontal;{105001.014759, 64504.738088, 38809.99};{105407.470488, 62504.257423, 38809.99};2ee24634-3e53-4cad-a85f-4662671482aa;875e181e-6b43-422f-b1b4-8f1824d170b4;3729.99*200;7380*200
HCS - Wall;{105013.164335, 64444.951698, 45934.995};{105207.610086, 63487.93092, 45934.995};fb4155dd-8f45-4b14-b8ac-ecd5cadb1c05;875e181e-6b43-422f-b1b4-8f1824d170b4;UPB265(265X1200);7380*200
HCS - Wall;{105427.937893, 62704.861429, 45934.995};{105466.269202, 62516.204062, 45934.995};0bee2267-21d7-49fd-a570-22bef3322c1c;875e181e-6b43-422f-b1b4-8f1824d170b4;UPB265(265X1200);7380*200
Side;{102035.390747, 65053.926515, 46067.5};{103616.040968, 62538.993785, 46067.5};343338d8-5ab3-4548-a0fc-925094791ae2;c0f7fe65-28fc-44c2-b126-3108cfdb49d1;UPB265(265X1200);UPB265(265X1200)
Side;{101019.407834, 64415.350974, 46067.5};{102600.148615, 61900.274157, 46067.5};343338d8-5ab3-4548-a0fc-925094791ae2;a4bb4a1e-6414-4580-bc90-e302d17e9af6;UPB265(265X1200);UPB265(265X1200)
Side;{100003.424921, 63776.775433, 46067.5};{101584.256262, 61261.554529, 46067.5};46a2087d-90ca-410f-bd11-ec0f6d7b4433;a4bb4a1e-6414-4580-bc90-e302d17e9af6;UPB265(265X1200);UPB265(265X1200)
Horizontal;{87641.812902, 82440.448971, 45310.995737};{88508.684055, 82377.866043, 45310.995737};5e4728bd-52d1-4d4c-b388-4f5d7be17d4c;e88036b9-47b8-4e74-a206-c64c5f586966;6789.97*400;6411*400
Unclassified;{86984.945943, 76170.525625, 51139.949997};{86984.945943, 76170.525625, 51789.95};d802544d-79e3-4750-a2cf-d9549d8b2615;f96745f2-2561-4828-967f-62ceb599b882;650*400;650*400
Full width support 1;{86675.397089, 77886.602405, 38667.49};{86738.567878, 78761.620991, 38667.49};074ea181-0622-400d-834e-fcef992f879a;c141a303-ade0-4156-a63a-a632bb09cc26;UPB265(265X1200);480*740
Side;{84418.383916, 78565.688494, 46667.500029};{83829.215367, 70402.754912, 46667.500029};0e25ebd4-4ba4-4067-9580-79bfa3cf4e86;3e750384-c365-4ece-8e8e-f609fb8ab4da;UPB265(265X1200);UPB265(265X1200)
Side;{85615.277967, 78479.405708, 46667.500029};{85026.099242, 70316.332957, 46667.500029};100d203c-6cca-4ef3-a717-0c3a52ba8bf6;3e750384-c365-4ece-8e8e-f609fb8ab4da;UPB265(265X1200);UPB265(265X1200)
No connection;{105470.25064, 62496.604916, 38809.99};{105660.67254, 61559.388682, 38809.99};2934479e-83e1-4049-bad9-78fea7297779;34a1cf49-9bd3-4f64-ba9a-2e22ddf0cc2b;UPB265(265X1200);7380*200
Horizontal;{105411.453151, 62484.658549, 38810.932498};{105850.956487, 60321.516274, 38810.932498};2ee24634-3e53-4cad-a85f-4662671482aa;34a1cf49-9bd3-4f64-ba9a-2e22ddf0cc2b;3729.99*200;7380*200
No connection;{105660.674566, 61559.382763, 38809.99};{105899.607858, 60383.41045, 38809.99};c7624046-6eb2-4087-9156-af786cbdd578;34a1cf49-9bd3-4f64-ba9a-2e22ddf0cc2b;UPB265(265X1200);7380*200
HCS - Wall;{105666.869982, 61528.888512, 45934.995};{105905.803361, 60352.916216, 45934.995};83cc8f51-f530-4fca-bd59-5df3e38fe935;34a1cf49-9bd3-4f64-ba9a-2e22ddf0cc2b;UPB265(265X1200);7380*200
HCS - Wall;{105470.251172, 62496.605101, 45934.995};{105666.871217, 61528.889122, 45934.995};0bee2267-21d7-49fd-a570-22bef3322c1c;34a1cf49-9bd3-4f64-ba9a-2e22ddf0cc2b;UPB265(265X1200);7380*200
Normal;{95479.602777, 61402.764975, 38819.99};{95479.602777, 61402.764975, 46199.99};61da2f0e-84df-4d44-9393-e3f0648c5bfd;cd66ff9e-1ce9-4f0e-b96f-497a6c05c807;7380*300;7380*300
One Layer Wall Connections;{95357.710102, 61503.318845, 38809.991981};{95517.359823, 61249.32615, 38809.991981};61da2f0e-84df-4d44-9393-e3f0648c5bfd;96e52afc-95b9-4a84-923c-edb646194bdc;7380*300;3729.99*300
No connection;{94490.256886, 60958.072479, 38809.99};{94532.858551, 60890.295869, 38809.99};650220c1-86ba-45a3-ac27-3e2ed199a190;61da2f0e-84df-4d44-9393-e3f0648c5bfd;UPB265(265X1200);7380*300
Side;{98987.442009, 63138.199892, 46067.5};{100568.363909, 60622.834901, 46067.5};46a2087d-90ca-410f-bd11-ec0f6d7b4433;4f7592f4-685c-4976-a094-352ba2871c3f;UPB265(265X1200);UPB265(265X1200)
Horizontal;{95488.069258, 61408.086507, 38809.991981};{96524.203068, 62059.35876, 38809.991981};96e52afc-95b9-4a84-923c-edb646194bdc;cd66ff9e-1ce9-4f0e-b96f-497a6c05c807;3729.99*300;7380*300
Normal;{103128.134276, 62208.598978, 35070};{103128.134276, 62208.598978, 38799.99};938d9535-0275-4057-9f6e-5e8d9e166f5a;b74f63de-232d-4fa4-9155-8bb852b55a6a;3729.99*200;3729.99*200
Horizontal;{96727.403816, 62187.082713, 38809.991981};{97579.275574, 62722.535213, 38809.991981};96e52afc-95b9-4a84-923c-edb646194bdc;caafcc46-08c9-400d-a607-076a10a28f3f;3729.99*300;7715.01*300
Unclassified;{91069.480854, 61406.773106, 45889.9985};{91492.810965, 61672.840048, 45889.9985};e6ca1925-911b-4a3c-a7f3-582e73a2d8d6;ed4dd3a9-c58b-4833-a845-7774b9aaa7a0;900*640;500*500
Unclassified;{91567.794329, 61572.324446, 35099.999999};{91567.794329, 61572.324446, 38799.99};d662b2d0-a03b-4f7e-aac3-9580c8b4d153;ed4dd3a9-c58b-4833-a845-7774b9aaa7a0;3729.99*250;500*500
Unclassified;{91127.530048, 61295.616661, 35099.999999};{91127.530048, 61295.616661, 38799.99};84366252-3be3-4508-b04d-80c28a8b6554;ed4dd3a9-c58b-4833-a845-7774b9aaa7a0;3729.99*250;500*500
Normal;{94078.047222, 63504.72088, 35069.999839};{94078.047487, 63504.721047, 39745.110001};3b2d9f7f-7f9a-417f-9b35-40fdd79db447;812d8454-acb5-4e23-b54b-fa4844ec758a;4861*250;4861*250
Concrete beam 1;{86776.973143, 75645.265034, 38667.49};{87415.81868, 74629.451872, 38667.49};d5f6ecbe-5a2f-49c6-86de-99b141b91857;fe7c4b52-af7a-4032-ab17-0e13b49e68c3;UPB265(265X1200);480*770
Side;{86992.527391, 74363.243722, 38667.49};{89519.54788, 75952.488484, 38667.49};4763ae9c-ac18-4253-964a-556d20b8fbbd;d5f6ecbe-5a2f-49c6-86de-99b141b91857;UPB265(265X1200);UPB265(265X1200)
Normal;{89163.208698, 71251.187909, 35070};{89163.208698, 71251.187909, 38799.99};28f8ea16-58fb-49df-8b14-ecbba961bde9;3d840f84-cd4d-4294-ad98-8534521631f3;3729.99*300;3729.99*300
Unclassified;{86293.858024, 70584.594099, 38359.99};{86706.590964, 70554.798365, 38359.99};bb6120f4-1c00-4019-b000-85e5c63b4d12;fe7c4b52-af7a-4032-ab17-0e13b49e68c3;BL800*800;480*770
Concrete beam 1;{86562.564303, 72675.256172, 38667.49};{87201.409832, 71659.443006, 38667.49};ed3ab984-e05d-4ea5-aed2-72707cf6b79d;fe7c4b52-af7a-4032-ab17-0e13b49e68c3;UPB265(265X1200);480*770
Concrete beam 1;{86669.768723, 74160.260603, 38667.49};{87308.614256, 73144.447438, 38667.49};4763ae9c-ac18-4253-964a-556d20b8fbbd;fe7c4b52-af7a-4032-ab17-0e13b49e68c3;UPB265(265X1200);480*770
Side;{86885.322969, 72878.239291, 38667.49};{90158.369296, 74936.660155, 38667.49};4763ae9c-ac18-4253-964a-556d20b8fbbd;ed3ab984-e05d-4ea5-aed2-72707cf6b79d;UPB265(265X1200);UPB265(265X1200)
Unclassified;{86841.520944, 69919.730757, 35100.0};{86841.520944, 69919.730757, 38349.99};3d840f84-cd4d-4294-ad98-8534521631f3;bb6120f4-1c00-4019-b000-85e5c63b4d12;3729.99*300;BL800*800
Unclassified;{86184.983948, 69734.942576, 35100.0};{86184.983948, 69734.942576, 38349.99};2388c4f3-5ff5-40b9-96ed-fac95a9f7d7d;bb6120f4-1c00-4019-b000-85e5c63b4d12;3729.99*300;BL800*800
HCS - Wall;{93295.519188, 62912.387642, 38667.49};{92279.522599, 62273.83386, 38667.49};650220c1-86ba-45a3-ac27-3e2ed199a190;812d8454-acb5-4e23-b54b-fa4844ec758a;UPB265(265X1200);4861*250
HCS - Wall;{83985.618326, 68519.298316, 38534.99};{83985.618326, 68519.298316, 38799.99};cf483559-8a1a-4ae8-9bfc-a30d4d28cca4;2388c4f3-5ff5-40b9-96ed-fac95a9f7d7d;UPB265(265X1200);3729.99*300
No connection;{103953.234432, 66270.519138, 38809.99};{104591.799236, 65254.529477, 38809.99};7dd8f259-cca9-419e-92d5-d51be8775ccc;27bbaa07-1adb-4ec9-b581-660305123214;UPB265(265X1200);4475.95*200
No connection;{104613.706964, 65221.054555, 38809.99};{105042.726981, 64538.461358, 38809.99};a871fbda-be99-46f4-8baa-5253f653b25f;27bbaa07-1adb-4ec9-b581-660305123214;UPB265(265X1200);4475.95*200
Horizontal;{103891.170877, 66255.676401, 38808.861013};{105003.552671, 64488.581537, 38808.861013};27bbaa07-1adb-4ec9-b581-660305123214;bc52960f-e1c1-4f6d-b5d7-aa16804efc33;4475.95*200;3729.99*200
One Layer Wall Connections;{105073.224958, 64565.620792, 38809.99};{104903.968505, 64459.073839, 38809.99};27bbaa07-1adb-4ec9-b581-660305123214;2ee24634-3e53-4cad-a85f-4662671482aa;4475.95*200;3729.99*200
Side;{105382.541313, 62727.396761, 38667.49};{108562.299336, 63373.451566, 38667.49};2934479e-83e1-4049-bad9-78fea7297779;47c13b78-583f-4d96-b5e4-8cd583cb0ea0;UPB265(265X1200);UPB265(265X1200)
HCS - Wall;{105182.808462, 63911.334108, 38667.49};{105421.739297, 62735.361296, 38667.49};47c13b78-583f-4d96-b5e4-8cd583cb0ea0;2ee24634-3e53-4cad-a85f-4662671482aa;UPB265(265X1200);3729.99*200
HCS - Wall;{105072.295857, 63430.959046, 38667.49};{103948.434203, 62724.349255, 38667.49};e6512596-504a-4b0d-8a41-c44ff9c1b7f6;938d9535-0275-4057-9f6e-5e8d9e166f5a;UPB265(265X1200);3729.99*200
Other;{105099.235022, 63447.896609, 35070};{105099.235022, 63447.896609, 38799.99};2ee24634-3e53-4cad-a85f-4662671482aa;938d9535-0275-4057-9f6e-5e8d9e166f5a;3729.99*200;3729.99*200
HCS - Wall;{103953.233443, 66270.518516, 38667.49};{104591.798247, 65254.528855, 38667.49};7dd8f259-cca9-419e-92d5-d51be8775ccc;bc52960f-e1c1-4f6d-b5d7-aa16804efc33;UPB265(265X1200);3729.99*200
HCS - Wall;{104613.705309, 65221.053515, 38667.49};{105042.725327, 64538.460318, 38667.49};a871fbda-be99-46f4-8baa-5253f653b25f;bc52960f-e1c1-4f6d-b5d7-aa16804efc33;UPB265(265X1200);3729.99*200
Other;{104988.593276, 64512.345564, 35070};{104988.593276, 64512.345564, 38799.99};2ee24634-3e53-4cad-a85f-4662671482aa;bc52960f-e1c1-4f6d-b5d7-aa16804efc33;3729.99*200;3729.99*200
Side;{104569.115025, 65216.283835, 38667.49};{107084.431318, 66797.197687, 38667.49};7dd8f259-cca9-419e-92d5-d51be8775ccc;a871fbda-be99-46f4-8baa-5253f653b25f;UPB265(265X1200);UPB265(265X1200)
HCS - Wall;{105034.581205, 64531.966728, 38534.99};{105034.581205, 64531.966728, 38799.99};a871fbda-be99-46f4-8baa-5253f653b25f;2ee24634-3e53-4cad-a85f-4662671482aa;UPB265(265X1200);3729.99*200
Side;{105621.475113, 61551.418269, 38667.49};{108801.114837, 62197.455407, 38667.49};2934479e-83e1-4049-bad9-78fea7297779;c7624046-6eb2-4087-9156-af786cbdd578;UPB265(265X1200);UPB265(265X1200)
HCS - Wall;{105660.674378, 61559.382725, 38667.49};{105899.60767, 60383.410412, 38667.49};c7624046-6eb2-4087-9156-af786cbdd578;2ee24634-3e53-4cad-a85f-4662671482aa;UPB265(265X1200);3729.99*200
HCS - Wall;{105421.741343, 62735.361471, 38667.49};{105660.672374, 61559.388698, 38667.49};2934479e-83e1-4049-bad9-78fea7297779;2ee24634-3e53-4cad-a85f-4662671482aa;UPB265(265X1200);3729.99*200
Beam at side of HCS 2;{91245.610343, 62113.84647, 46667.500002};{91721.710631, 61271.970061, 46667.500002};474100a5-4528-4bd7-9601-dab6509689a8;e6ca1925-911b-4a3c-a7f3-582e73a2d8d6;UPB265(265X1200);900*640
Side;{91228.543423, 62122.226814, 46667.5};{96234.868972, 65269.311725, 46667.5};474100a5-4528-4bd7-9601-dab6509689a8;4e527e5b-4a22-4572-a3c7-96b793295f77;UPB265(265X1200);UPB265(265X1200)
Unclassified;{86466.886594, 70413.846366, 51209.949968};{86466.886594, 70413.846366, 51789.95};1b1026b0-e653-40a8-bf82-70f0c107112b;f96745f2-2561-4828-967f-62ceb599b882;900*640;650*400
Unclassified;{91387.572687, 61370.474533, 51199.949983};{91174.719134, 61709.138621, 51199.949983};1b1026b0-e653-40a8-bf82-70f0c107112b;32ddcd38-2082-40eb-b504-545ebca3ebcd;900*640;400*400
Beam at side of HCS 2;{86837.65248, 74717.485889, 46667.500002};{86916.834968, 75814.559404, 46667.500002};e593ae8a-a4e5-439e-b0f7-593594d633f7;1843cdcf-247c-4f22-bb8c-76a318e6557f;UPB265(265X1200);500*520
Side;{86508.979986, 75915.294476, 46667.500014};{86468.388317, 75352.896919, 46667.500014};100d203c-6cca-4ef3-a717-0c3a52ba8bf6;e593ae8a-a4e5-439e-b0f7-593594d633f7;UPB265(265X1200);UPB265(265X1200)
Side;{87017.758695, 74712.46414, 46667.5};{89371.38438, 76192.001641, 46667.5};1e652623-d203-4b0a-bde5-168871cbe832;e593ae8a-a4e5-439e-b0f7-593594d633f7;UPB265(265X1200);UPB265(265X1200)
Not connection 2;{86258.830188, 70518.071857, 46667.500029};{86642.53892, 75834.357023, 46667.500029};100d203c-6cca-4ef3-a717-0c3a52ba8bf6;1843cdcf-247c-4f22-bb8c-76a318e6557f;UPB265(265X1200);500*520
Beam at side of HCS 2;{86681.926639, 70568.027348, 46535.0};{86681.926639, 70568.027348, 46800.000005};32de52e3-314e-4275-ad70-d34c5587991e;1843cdcf-247c-4f22-bb8c-76a318e6557f;UPB265(265X1200);500*520
Full width support 1;{86650.167334, 72119.878853, 46667.500002};{86763.536307, 73690.606178, 46667.500002};eddf61ab-8e90-45ae-ad2c-88ce862aca12;1843cdcf-247c-4f22-bb8c-76a318e6557f;UPB265(265X1200);500*520
Full width support 1;{86543.002821, 70635.114339, 46667.500002};{86656.37168, 72205.840088, 46667.500002};669b3cd3-6c4e-40b9-9b66-ddf8a847be7c;1843cdcf-247c-4f22-bb8c-76a318e6557f;UPB265(265X1200);500*520
Full width support 1;{86760.913103, 73654.261691, 46667.500002};{86843.856389, 74803.441058, 46667.500002};1e652623-d203-4b0a-bde5-168871cbe832;1843cdcf-247c-4f22-bb8c-76a318e6557f;UPB265(265X1200);500*520
Full width support 1;{87123.589317, 69404.604038, 46667.5};{87762.230995, 68388.662697, 46667.5};84839301-f88b-4694-bed5-9bb7d4ee0c1f;e6ca1925-911b-4a3c-a7f3-582e73a2d8d6;UPB265(265X1200);900*640
Side;{87112.924102, 69397.916235, 46667.5};{91790.94739, 72338.626362, 46667.5};32de52e3-314e-4275-ad70-d34c5587991e;84839301-f88b-4694-bed5-9bb7d4ee0c1f;UPB265(265X1200);UPB265(265X1200)
Side;{87704.280541, 68352.233887, 46667.5};{92429.600035, 71322.667166, 46667.5};84839301-f88b-4694-bed5-9bb7d4ee0c1f;cb299a9a-73f1-4fe5-87c5-910f43ee0790;UPB265(265X1200);UPB265(265X1200)
Beam at side of HCS 2;{86877.252092, 69871.68523, 46667.500002};{87157.46316, 69425.931026, 46667.500002};32de52e3-314e-4275-ad70-d34c5587991e;e6ca1925-911b-4a3c-a7f3-582e73a2d8d6;UPB265(265X1200);900*640
Side;{86321.493926, 73317.688317, 46667.500014};{86280.902026, 72755.287571, 46667.500014};100d203c-6cca-4ef3-a717-0c3a52ba8bf6;eddf61ab-8e90-45ae-ad2c-88ce862aca12;UPB265(265X1200);UPB265(265X1200)
Side;{86830.271789, 72114.859889, 46667.5};{90488.548436, 74414.528386, 46667.5};669b3cd3-6c4e-40b9-9b66-ddf8a847be7c;eddf61ab-8e90-45ae-ad2c-88ce862aca12;UPB265(265X1200);UPB265(265X1200)
Side;{88908.148025, 74862.086698, 46667.5};{89839.340377, 75447.453358, 46667.5};1e652623-d203-4b0a-bde5-168871cbe832;eddf61ab-8e90-45ae-ad2c-88ce862aca12;UPB265(265X1200);UPB265(265X1200)
Side;{86214.329968, 71832.923221, 46667.500014};{86173.73822, 71270.524575, 46667.500014};100d203c-6cca-4ef3-a717-0c3a52ba8bf6;669b3cd3-6c4e-40b9-9b66-ddf8a847be7c;UPB265(265X1200);UPB265(265X1200)
Side;{86497.334826, 74352.943674, 46535.0};{86497.334826, 74352.943674, 46800.000029};100d203c-6cca-4ef3-a717-0c3a52ba8bf6;1e652623-d203-4b0a-bde5-168871cbe832;UPB265(265X1200);UPB265(265X1200)
Full width support 1;{88306.290087, 67313.263083, 46667.5};{88944.932038, 66297.321914, 46667.5};d51d9fae-525b-4985-bb48-56849da146a9;e6ca1925-911b-4a3c-a7f3-582e73a2d8d6;UPB265(265X1200);900*640
Side;{88886.981454, 66260.893, 46667.5};{93706.884452, 69290.785225, 46667.5};d51d9fae-525b-4985-bb48-56849da146a9;f4a6d845-da57-4c0e-a185-ae73ca51e677;UPB265(265X1200);UPB265(265X1200)
Side;{88295.632299, 67306.560949, 46667.5};{93068.241618, 70306.728224, 46667.5};cb299a9a-73f1-4fe5-87c5-910f43ee0790;d51d9fae-525b-4985-bb48-56849da146a9;UPB265(265X1200);UPB265(265X1200)
Full width support 1;{90673.063991, 63131.44386, 46667.5};{91274.643899, 62174.461462, 46667.5};4e527e5b-4a22-4572-a3c7-96b793295f77;e6ca1925-911b-4a3c-a7f3-582e73a2d8d6;UPB265(265X1200);900*640
Side;{90661.033405, 63123.881131, 46667.5};{95622.811093, 66242.962289, 46667.5};4e527e5b-4a22-4572-a3c7-96b793295f77;6b5dce61-d332-48a7-ad95-48d51021425d;UPB265(265X1200);UPB265(265X1200)
Full width support 1;{90080.339308, 64176.256084, 46667.5};{90718.980807, 63160.314631, 46667.5};6b5dce61-d332-48a7-ad95-48d51021425d;e6ca1925-911b-4a3c-a7f3-582e73a2d8d6;UPB265(265X1200);900*640
Side;{90069.681287, 64169.553804, 46667.5};{94984.170697, 67258.901987, 46667.5};6b5dce61-d332-48a7-ad95-48d51021425d;7adf2802-09fc-4d07-a94b-15628caadf34;UPB265(265X1200);UPB265(265X1200)
Full width support 1;{89488.990863, 65221.922128, 46667.5};{90127.633077, 64205.981124, 46667.5};7adf2802-09fc-4d07-a94b-15628caadf34;e6ca1925-911b-4a3c-a7f3-582e73a2d8d6;UPB265(265X1200);900*640
Side;{89478.33321, 65215.220065, 46667.5};{94345.526281, 68274.846447, 46667.5};7adf2802-09fc-4d07-a94b-15628caadf34;f4a6d845-da57-4c0e-a185-ae73ca51e677;UPB265(265X1200);UPB265(265X1200)
Full width support 1;{88897.642411, 66267.588172, 46667.500002};{89536.285352, 65251.647626, 46667.500002};f4a6d845-da57-4c0e-a185-ae73ca51e677;e6ca1925-911b-4a3c-a7f3-582e73a2d8d6;UPB265(265X1200);900*640
Full width support 1;{87714.941627, 68358.929126, 46667.5};{88353.584317, 67342.988422, 46667.5};cb299a9a-73f1-4fe5-87c5-910f43ee0790;e6ca1925-911b-4a3c-a7f3-582e73a2d8d6;UPB265(265X1200);900*640
Unclassified;{91387.572687, 61370.474533, 46810.000002};{91174.719134, 61709.138621, 46810.000002};32ddcd38-2082-40eb-b504-545ebca3ebcd;e6ca1925-911b-4a3c-a7f3-582e73a2d8d6;400*400;900*640
Corner;{107382.769839, 64890.662974, 52129.95};{107382.769839, 64890.662974, 53700.95};4a8c0c86-dc53-42be-9362-8295a7a32136;7260fa7c-7bb1-42c6-9f9c-e7b87d3c6123;1571*200;1571*200
Corner;{106141.897529, 66864.96124, 52129.95};{106141.897529, 66864.96124, 53700.95};1ad9bf9a-cfb7-4b56-9597-1372da0fd547;4a8c0c86-dc53-42be-9362-8295a7a32136;1571*200;1571*200
Corner;{104865.354699, 63308.442225, 52129.95};{104865.354699, 63308.442225, 53700.95};6cc8a9fb-7c6c-4293-beda-0ee7c24f3b1c;7260fa7c-7bb1-42c6-9f9c-e7b87d3c6123;1571*200;1571*200
Corner;{103624.483482, 65282.742241, 52129.95};{103624.483482, 65282.742241, 53700.95};1ad9bf9a-cfb7-4b56-9597-1372da0fd547;6cc8a9fb-7c6c-4293-beda-0ee7c24f3b1c;1571*200;1571*200
Unclassified;{104825.427662, 63165.237384, 52119.951054};{103478.130109, 65308.867917, 52119.951054};6cc8a9fb-7c6c-4293-beda-0ee7c24f3b1c;e0ca4d5e-eeb9-4c31-8650-70cc0509a180;1571*200;600*520
Normal;{104968.666006, 67248.369038, 46890.94};{104968.666006, 67248.369038, 52109.94};1438b98a-b009-495a-a1ca-c0035c8a7fc1;dd2e6d1a-8f8e-4ee5-aa4f-0cb52671934e;5219*500;5219*500
Other;{106673.791967, 68012.922257, 46928.0};{106673.791967, 68012.922257, 52109.94};04b8a6e2-3402-44d2-8fc2-23b95ad3ab02;dd2e6d1a-8f8e-4ee5-aa4f-0cb52671934e;5182*500;5219*500
Normal;{107541.371257, 66634.034348, 46928.0};{107541.371257, 66634.034348, 52110.0};04b8a6e2-3402-44d2-8fc2-23b95ad3ab02;546b144f-a76e-40b9-be30-a59939f2a4d8;5182*500;5182*500
Other;{108536.056128, 65015.017358, 46928.0};{108536.056128, 65015.017358, 52110.0};546b144f-a76e-40b9-be30-a59939f2a4d8;f918fce4-1183-4606-9ea1-c6dd2c0dfb8b;5182*500;5182*500
Unclassified;{102970.715042, 65815.533152, 51509.952106};{102970.715042, 65815.533152, 52109.94};943f2909-309b-4637-a33e-c8877e70e340;e0ca4d5e-eeb9-4c31-8650-70cc0509a180;5219*500;600*520
Normal;{103190.653382, 66130.925371, 46890.94};{103190.653382, 66130.925371, 52109.94};1438b98a-b009-495a-a1ca-c0035c8a7fc1;943f2909-309b-4637-a33e-c8877e70e340;5219*500;5219*500
Normal;{109025.625461, 62604.218804, 46928.0};{109025.625461, 62604.218804, 52110.0007};c39b7a37-c67a-4788-8551-6f01bef60977;f918fce4-1183-4606-9ea1-c6dd2c0dfb8b;5182*500;5182*500
Side;{104086.666173, 63209.449002, 46067.5};{104170.112777, 62798.878507, 46067.5};256cb5b9-837a-4868-9d6e-d6956fa49bbd;c0f7fe65-28fc-44c2-b126-3108cfdb49d1;UPB265(265X1200);UPB265(265X1200)
Side;{104968.237308, 63555.557867, 46067.5};{104279.13213, 63122.451153, 46067.5};256cb5b9-837a-4868-9d6e-d6956fa49bbd;fb4155dd-8f45-4b14-b8ac-ecd5cadb1c05;UPB265(265X1200);UPB265(265X1200)
Unclassified;{109347.014898, 61021.331479, 46958.0};{109347.014898, 61021.331479, 52109.99};a36ce7ea-8219-48cd-addb-f4a5ef23dbe1;c39b7a37-c67a-4788-8551-6f01bef60977;BL700*700;5182*500
Side;{105627.671557, 61520.924376, 46067.5};{108807.318739, 62166.963273, 46067.5};0bee2267-21d7-49fd-a570-22bef3322c1c;83cc8f51-f530-4fca-bd59-5df3e38fe935;UPB265(265X1200);UPB265(265X1200)
